type,possession_team,player,position,player_id,pass_recipient,id,timestamp,location,pass_end_location,pass_length,pass_outcome
Pass,RB Leipzig,Ikoma Loïs Openda,Right Center Forward,16275.0,Daniel Olmo Carvajal,9a50295b-7f7a-449c-9ef3-87e60467e8e1,00:00:00.773,"[61.0, 40.1]","[57.0, 40.8]",4.060788,
Pass,RB Leipzig,Daniel Olmo Carvajal,Left Center Forward,16532.0,Benjamin Henrichs,6c4c62f2-7d95-4094-a714-50c0161ee2e6,00:00:01.607,"[56.2, 40.8]","[55.0, 74.2]",33.42155,
Pass,RB Leipzig,Benjamin Henrichs,Right Back,8211.0,Mohamed Simakan,88661240-834a-430d-8629-b37b64dbcddc,00:00:04.859,"[56.4, 74.4]","[37.8, 66.5]",20.208166,
Pass,RB Leipzig,Mohamed Simakan,Right Center Back,30360.0,Willi Orban,1d75ee1b-f1e8-43ab-a31d-cc0805acd5e2,00:00:08.123,"[35.8, 64.7]","[33.1, 38.4]",26.43823,
Pass,RB Leipzig,Willi Orban,Left Center Back,8509.0,Mohamed Simakan,585a8685-12a2-418f-91a6-4d2a02ad8430,00:00:12.373,"[36.0, 36.4]","[35.8, 60.1]",23.700844,
Pass,RB Leipzig,Mohamed Simakan,Right Center Back,30360.0,Benjamin Henrichs,93753357-15d4-4424-9899-669adf6f34ea,00:00:14.246,"[35.1, 60.1]","[48.4, 73.4]",18.80904,
Pass,RB Leipzig,Benjamin Henrichs,Right Back,8211.0,Daniel Olmo Carvajal,86a2db30-3020-4a3a-af2f-3b1d59b73adc,00:00:17.808,"[58.0, 75.8]","[79.9, 53.9]",30.971277,
Pass,RB Leipzig,Odilon Kossonou,Right Center Back,27133.0,Edmond Fayçal Tapsoba,a6f33202-5449-458f-8473-9c4274528e11,00:00:20.033,"[36.5, 29.6]","[35.1, 16.6]",13.075168,Incomplete
Pass,RB Leipzig,Ikoma Loïs Openda,Right Center Forward,16275.0,Daniel Olmo Carvajal,ebaf6e35-461e-411b-a4c6-bd8c8807ed4b,00:00:21.691,"[85.0, 63.5]","[83.4, 46.2]",17.37383,
Pass,RB Leipzig,Daniel Olmo Carvajal,Left Center Forward,16532.0,David Raum,bf131dfc-aa54-477b-aa3a-fe427e0f5a4d,00:00:23.488,"[84.0, 44.4]","[82.4, 21.3]",23.155344,
Pass,RB Leipzig,David Raum,Left Back,12034.0,Ikoma Loïs Openda,da6d72e8-314a-4232-892f-7f2b7aa233da,00:00:25.482,"[83.0, 14.5]","[105.9, 16.5]",22.987171,
Pass,RB Leipzig,David Raum,Left Back,12034.0,Timo Werner,87666b3c-fae0-4ec8-a71d-c2d3be7beb84,00:00:46.278,"[113.5, 0.1]","[95.4, 5.3]",18.832153,
Pass,RB Leipzig,Timo Werner,Left Midfield,5557.0,Willi Orban,8d0349fb-568c-440c-9069-42adbf1f9c3a,00:00:48.545,"[96.0, 6.3]","[64.3, 9.5]",31.861105,
Pass,RB Leipzig,Willi Orban,Left Center Back,8509.0,Mohamed Simakan,6a0f8b8e-4e1b-42ee-b523-30b9a57b096e,00:00:51.927,"[54.6, 11.7]","[53.8, 41.8]",30.11063,
Pass,RB Leipzig,Mohamed Simakan,Right Center Back,30360.0,Xavi Simons,d626a450-651a-452f-8bd2-40bd73e5570f,00:00:54.430,"[54.6, 46.2]","[62.3, 66.9]",22.085743,
Pass,RB Leipzig,Xavi Simons,Right Midfield,39167.0,Benjamin Henrichs,842b2425-b726-4944-88b7-6e59c5144f28,00:00:56.798,"[64.1, 66.5]","[74.3, 75.0]",13.277425,
Pass,RB Leipzig,Benjamin Henrichs,Right Back,8211.0,Mohamed Simakan,65416e96-ab82-45f6-83ec-f23beb6e7403,00:01:12.416,"[63.9, 75.4]","[47.8, 71.7]",16.519686,
Pass,RB Leipzig,Mohamed Simakan,Right Center Back,30360.0,Janis Blaswich,7c9e8cf2-07c3-471b-8da6-681419a22208,00:01:15.803,"[43.0, 70.5]","[23.3, 45.4]",31.907679,
Pass,RB Leipzig,Janis Blaswich,Goalkeeper,15155.0,Mohamed Simakan,e8cfafef-37c7-4e00-be7f-4bee056a1e72,00:01:21.130,"[19.9, 39.6]","[20.1, 58.5]",18.901058,
Pass,RB Leipzig,Mohamed Simakan,Right Center Back,30360.0,Benjamin Henrichs,c5a4b0aa-b03e-4e82-a80a-ea91e7ecf394,00:01:23.103,"[19.5, 60.1]","[29.5, 76.2]",18.952837,
Pass,RB Leipzig,Benjamin Henrichs,Right Back,8211.0,Nicolas Seiwald,5f38e18f-86ae-43b3-a606-39c39db57cee,00:01:25.206,"[29.5, 76.4]","[34.1, 64.5]",12.758135,
Pass,RB Leipzig,Nicolas Seiwald,Right Defensive Midfield,39460.0,Mohamed Simakan,c241d9b6-58dd-4ea2-8b5e-16e7aef4e822,00:01:26.187,"[35.8, 63.5]","[14.3, 64.7]",21.533463,
Pass,RB Leipzig,Mohamed Simakan,Right Center Back,30360.0,Janis Blaswich,0376753a-5e29-4cd4-a4d7-008663a3ef13,00:01:28.443,"[13.5, 60.7]","[7.0, 41.6]",20.175728,
Pass,RB Leipzig,Janis Blaswich,Goalkeeper,15155.0,Willi Orban,e9349458-19c1-433d-a74b-514a898592ca,00:01:30.893,"[9.0, 38.8]","[7.6, 12.3]",26.536955,
Pass,RB Leipzig,Willi Orban,Left Center Back,8509.0,David Raum,edee64bb-b610-4ca3-ae10-9c2b105e12c6,00:01:33.218,"[8.0, 9.7]","[14.9, 6.7]",7.5239615,
Pass,RB Leipzig,David Raum,Left Back,12034.0,Timo Werner,bd1d1124-a984-42f1-b66b-28b07f32153e,00:01:34.685,"[14.1, 6.1]","[20.5, 5.5]",6.4280634,Incomplete
Pass,RB Leipzig,David Raum,Left Back,12034.0,Willi Orban,72e045c1-5699-46b1-b609-47e88ca8b9c6,00:01:45.676,"[28.3, 0.1]","[7.8, 13.1]",24.274471,
Pass,RB Leipzig,Willi Orban,Left Center Back,8509.0,Xaver Schlager,a08bd5e4-b884-40a9-99e7-2e6ec11c9468,00:01:49.050,"[5.4, 14.7]","[21.9, 20.7]",17.55705,
Pass,RB Leipzig,Janis Blaswich,Goalkeeper,15155.0,David Raum,5ba62c14-0531-4810-8b10-81c900dabc24,00:02:07.325,"[8.4, 48.6]","[30.9, 25.9]",31.96154,
Pass,RB Leipzig,David Raum,Left Back,12034.0,Xaver Schlager,4720aca0-dc33-4b91-bf79-28e5d02a9823,00:02:16.379,"[35.6, 9.5]","[36.2, 17.5]",8.022469,
Pass,RB Leipzig,Xaver Schlager,Left Defensive Midfield,8769.0,Willi Orban,d5d8d151-674a-421d-8a54-7f334aa9777f,00:02:30.801,"[22.7, 21.5]","[9.2, 25.5]",14.080128,
Pass,RB Leipzig,Willi Orban,Left Center Back,8509.0,David Raum,67ca4c48-ec9b-4c45-9485-ae00f0ffa467,00:02:33.678,"[3.6, 27.6]","[10.0, 8.7]",19.954197,
Pass,RB Leipzig,David Raum,Left Back,12034.0,Timo Werner,d4d24445-4bb1-4715-80a1-3c1353151ad2,00:02:57.676,"[13.7, 0.1]","[21.3, 10.5]",12.880994,
Pass,RB Leipzig,Jeremie Frimpong,Right Wing Back,32712.0,Florian Wirtz,a03fb700-b6fc-41b3-8cc3-cc8d0ab25b50,00:03:02.452,"[101.6, 71.8]","[106.2, 68.4]",5.72014,
Pass,RB Leipzig,David Raum,Left Back,12034.0,Daniel Olmo Carvajal,1d789953-bbff-429f-8065-cc2ce1765444,00:03:05.983,"[9.6, 10.7]","[37.4, 8.7]",27.87185,Incomplete
Pass,RB Leipzig,David Raum,Left Back,12034.0,Willi Orban,00119947-82ad-443c-af11-6dd33262c767,00:04:31.414,"[57.6, 7.5]","[30.9, 13.5]",27.365854,
Pass,RB Leipzig,Willi Orban,Left Center Back,8509.0,Janis Blaswich,ad9f5632-f016-4768-bb7f-f954877f062a,00:04:34.538,"[24.7, 21.1]","[18.3, 39.0]",19.009735,
Pass,RB Leipzig,Janis Blaswich,Goalkeeper,15155.0,Willi Orban,4cacd608-9f81-4f99-a2ee-6215f1c722dc,00:04:36.475,"[16.5, 40.2]","[20.5, 28.8]",12.08139,
Pass,RB Leipzig,Willi Orban,Left Center Back,8509.0,Janis Blaswich,c1ce0b69-c83b-4203-a004-0cc06eaaea18,00:04:37.775,"[21.9, 27.2]","[15.7, 41.4]",15.494515,
Pass,RB Leipzig,Janis Blaswich,Goalkeeper,15155.0,Mohamed Simakan,513566a5-0596-433d-b838-5a0ecbbb6391,00:04:41.370,"[13.9, 44.2]","[18.5, 57.7]",14.262188,
Pass,RB Leipzig,Mohamed Simakan,Right Center Back,30360.0,Benjamin Henrichs,3997464c-8bb8-48c4-ba87-2c3428361a16,00:04:43.564,"[22.1, 60.3]","[28.9, 74.8]",16.015305,
Pass,RB Leipzig,Benjamin Henrichs,Right Back,8211.0,Mohamed Simakan,d93ea45f-d401-4624-9c71-e74e636938ed,00:04:45.819,"[29.1, 76.8]","[14.9, 68.3]",16.549622,
Pass,RB Leipzig,Mohamed Simakan,Right Center Back,30360.0,Janis Blaswich,37e539f8-e57d-400e-a028-1b737a77d139,00:04:47.796,"[14.1, 66.5]","[3.8, 47.4]",21.70023,
Pass,RB Leipzig,Janis Blaswich,Goalkeeper,15155.0,Willi Orban,ead8a0b1-660f-4b45-874d-ead74ba1bb2b,00:04:50.159,"[3.8, 43.4]","[14.1, 13.9]",31.246439,
Pass,RB Leipzig,Willi Orban,Left Center Back,8509.0,David Raum,6c252943-c328-4a1c-93f1-b362b2f70c00,00:04:55.462,"[32.3, 16.9]","[43.6, 6.9]",15.0894,
Pass,RB Leipzig,David Raum,Left Back,12034.0,Daniel Olmo Carvajal,77d3e3a4-500d-472f-bb4c-9d2c4bdf1415,00:04:57.746,"[49.8, 7.1]","[62.3, 14.5]",14.526183,Incomplete
Pass,RB Leipzig,David Raum,Left Back,12034.0,Willi Orban,3acafed4-ed80-481d-adb1-6d8bcabdb08d,00:05:12.632,"[32.3, 0.1]","[14.1, 12.9]",22.250393,
Pass,RB Leipzig,Willi Orban,Left Center Back,8509.0,David Raum,392dd4b7-a180-48b3-9dbc-acabf60191e3,00:05:15.219,"[12.0, 14.9]","[21.5, 7.5]",12.042009,
Pass,RB Leipzig,David Raum,Left Back,12034.0,Xaver Schlager,4a574c7f-cffa-4555-9ba1-e18af3476fbf,00:05:16.553,"[23.7, 6.9]","[23.7, 15.7]",8.8,
Pass,RB Leipzig,Xaver Schlager,Left Defensive Midfield,8769.0,Ikoma Loïs Openda,8d1f4b7d-8eff-47e6-ae0c-91b8d06bc7d9,00:05:18.406,"[25.5, 15.1]","[48.4, 33.4]",29.31382,
Pass,RB Leipzig,Ikoma Loïs Openda,Right Center Forward,16275.0,Xavi Simons,73950e1c-c4c5-46d2-9b4b-9751c3c09646,00:05:20.091,"[50.0, 33.4]","[40.4, 47.6]",17.140594,
Pass,RB Leipzig,Xavi Simons,Right Midfield,39167.0,Benjamin Henrichs,67b350e2-a656-4ee2-ba54-6a99f81f12a6,00:05:22.207,"[42.0, 50.9]","[63.9, 73.8]",31.686275,
Pass,RB Leipzig,Benjamin Henrichs,Right Back,8211.0,Timo Werner,a7b72d56-d15c-4956-8b4e-13e2463fdbd2,00:05:29.404,"[87.8, 63.7]","[84.0, 55.1]",9.402127,
Pass,RB Leipzig,Timo Werner,Left Midfield,5557.0,Xavi Simons,57a158a9-efa6-45c3-ac61-da3f76ba1181,00:05:30.112,"[84.6, 53.9]","[84.2, 62.3]",8.409518,
Pass,RB Leipzig,Xavi Simons,Right Midfield,39167.0,Ikoma Loïs Openda,075c0693-e1c7-4b91-b807-d4a145a3463b,00:05:32.224,"[84.6, 62.5]","[91.4, 75.0]",14.229898,
Pass,RB Leipzig,Ikoma Loïs Openda,Right Center Forward,16275.0,Xavi Simons,17daec9d-d530-4267-a9b4-fba1cefc65a9,00:05:33.847,"[90.9, 76.5]","[96.1, 66.1]",11.627554,
Pass,RB Leipzig,Xavi Simons,Right Midfield,39167.0,Benjamin Henrichs,0846214e-8df7-4642-9a0d-9efa7eaf5e2e,00:05:34.429,"[96.5, 65.3]","[102.1, 72.5]",9.121404,
Pass,RB Leipzig,Benjamin Henrichs,Right Back,8211.0,Xavi Simons,7b49350d-f92c-4f31-a372-4aebb65efd24,00:05:36.235,"[106.6, 74.2]","[117.0, 56.4]",20.615528,Incomplete
Pass,RB Leipzig,Benjamin Henrichs,Right Back,8211.0,Xavi Simons,536d3016-2a58-45a2-abe7-7510d2fe82c6,00:06:52.643,"[19.5, 58.1]","[34.9, 71.7]",20.545559,
Pass,RB Leipzig,Xavi Simons,Right Midfield,39167.0,Benjamin Henrichs,870f203a-1731-4591-8a35-35776163afba,00:06:54.308,"[37.6, 73.6]","[27.3, 75.6]",10.492378,
Pass,RB Leipzig,Benjamin Henrichs,Right Back,8211.0,Nicolas Seiwald,beabc681-2cf8-475a-bb3c-00b7f3b7c2ae,00:06:55.847,"[26.9, 74.2]","[34.3, 65.1]",11.729024,
Pass,RB Leipzig,Nicolas Seiwald,Right Defensive Midfield,39460.0,Daniel Olmo Carvajal,7e115206-e835-4e32-8de9-0edc67fe7bf7,00:06:58.064,"[38.2, 62.7]","[54.6, 38.4]",29.316378,
Pass,RB Leipzig,Daniel Olmo Carvajal,Left Center Forward,16532.0,Timo Werner,c6a68a89-8e28-4787-8071-ee2238f7ec12,00:07:02.305,"[65.5, 28.6]","[72.3, 14.7]",15.474172,
Pass,RB Leipzig,Janis Blaswich,Goalkeeper,15155.0,Mohamed Simakan,95e4ada0-2e61-43c6-be13-450cc214cac9,00:08:15.106,"[7.0, 36.1]","[4.4, 49.2]",13.355523,
Pass,RB Leipzig,Mohamed Simakan,Right Center Back,30360.0,Janis Blaswich,23ccb833-f6d6-486d-b197-093b12a3b022,00:08:16.771,"[4.8, 49.6]","[3.0, 42.4]",7.4215903,
Pass,RB Leipzig,Janis Blaswich,Goalkeeper,15155.0,Nicolas Seiwald,23f81b42-468f-482f-9fba-fd5a759ece05,00:08:18.625,"[5.0, 42.0]","[14.1, 54.3]",15.300326,
Pass,RB Leipzig,Nicolas Seiwald,Right Defensive Midfield,39460.0,Xaver Schlager,b01f8464-7bf3-438a-8574-56324d3b599d,00:08:19.536,"[18.5, 56.9]","[27.1, 39.6]",19.31968,
Pass,RB Leipzig,Xaver Schlager,Left Defensive Midfield,8769.0,Timo Werner,d376b111-5b18-48ea-b576-bc1d36938281,00:08:26.229,"[75.1, 37.6]","[92.4, 19.3]",25.18293,
Pass,RB Leipzig,Timo Werner,Left Midfield,5557.0,Ikoma Loïs Openda,b081d47f-920b-4fc7-8af2-cf60be8fd02e,00:08:28.957,"[100.4, 19.3]","[99.4, 27.8]",8.558621,
Pass,RB Leipzig,Benjamin Henrichs,Right Back,8211.0,Timo Werner,fff26681-b31a-4fe7-ad79-73837c1b9ce6,00:09:10.712,"[87.2, 48.6]","[105.9, 8.3]",44.427242,
Pass,RB Leipzig,Timo Werner,Left Midfield,5557.0,Benjamin Henrichs,771782c4-84a1-45da-9472-a42a4cdac870,00:09:17.956,"[106.9, 9.7]","[92.4, 23.9]",20.295073,
Pass,RB Leipzig,Janis Blaswich,Goalkeeper,15155.0,David Raum,6a1ac214-62a2-464d-8e27-b542815426b9,00:09:42.929,"[15.7, 43.0]","[21.3, 24.5]",19.328993,
Pass,RB Leipzig,David Raum,Left Back,12034.0,Xaver Schlager,01b2c475-8bfa-4408-a256-4b578f8cba11,00:09:47.653,"[22.3, 13.3]","[28.3, 23.3]",11.661903,
Pass,RB Leipzig,Xaver Schlager,Left Defensive Midfield,8769.0,Mohamed Simakan,9609ad02-f511-4e04-a077-be41c9922920,00:09:54.099,"[37.2, 26.8]","[34.3, 60.3]",33.62529,
Pass,RB Leipzig,Mohamed Simakan,Right Center Back,30360.0,Xavi Simons,a099715a-3c28-437f-8708-fe3330203256,00:09:56.369,"[34.5, 61.5]","[53.2, 68.7]",20.038214,
Pass,RB Leipzig,Xavi Simons,Right Midfield,39167.0,Benjamin Henrichs,992e40c4-184e-406f-8648-916d30f2af24,00:09:58.116,"[52.6, 69.1]","[54.0, 77.4]",8.417244,
Pass,RB Leipzig,Benjamin Henrichs,Right Back,8211.0,Mohamed Simakan,ee3cb44f-a05a-40df-80be-04cef8ecb301,00:10:01.620,"[55.6, 75.0]","[39.2, 70.3]",17.060188,
Pass,RB Leipzig,Mohamed Simakan,Right Center Back,30360.0,Willi Orban,d1d62ef1-20f9-4ef3-93e3-461c8649b8d4,00:10:04.897,"[40.6, 67.9]","[35.4, 39.6]",28.773773,
Pass,RB Leipzig,Willi Orban,Left Center Back,8509.0,Mohamed Simakan,b7bfa392-8d6f-4515-95d4-5454ce113b45,00:10:08.749,"[41.6, 35.0]","[42.8, 57.9]",22.93142,
Pass,RB Leipzig,Mohamed Simakan,Right Center Back,30360.0,Willi Orban,b64de4b3-79ee-493b-871c-0fe145e20b17,00:10:09.793,"[42.8, 57.9]","[42.4, 41.6]",16.304907,
Pass,RB Leipzig,Willi Orban,Left Center Back,8509.0,David Raum,aff2e0a9-ee9b-4cf7-b47f-f6fdd61aa6e5,00:10:12.260,"[42.4, 34.2]","[49.0, 10.5]",24.60183,
Pass,RB Leipzig,David Raum,Left Back,12034.0,Willi Orban,9dbe05a7-5d11-4e72-8a6f-45b153cdef4d,00:10:14.182,"[47.8, 8.9]","[36.0, 27.4]",21.94288,
Pass,RB Leipzig,Willi Orban,Left Center Back,8509.0,David Raum,613d9f2d-dd4c-4986-a2e1-54dd6ad2b2c4,00:10:15.580,"[35.8, 28.0]","[38.0, 19.9]",8.39345,Incomplete
Pass,RB Leipzig,Victor Okoh Boniface,Center Forward,32289.0,Exequiel Alejandro Palacios,a0dc89ba-19c6-40e3-a15e-800d89f8cd65,00:10:20.265,"[83.5, 60.4]","[76.9, 61.2]",6.6483083,
Pass,RB Leipzig,Exequiel Alejandro Palacios,Right Defensive Midfield,28268.0,Granit Xhaka,d2b159ce-1f81-4c9e-83d5-8669a579ff2e,00:10:21.513,"[76.4, 62.8]","[89.0, 44.0]",22.631836,Incomplete
Pass,RB Leipzig,Nicolas Seiwald,Right Defensive Midfield,39460.0,Mohamed Simakan,f6f4d1e0-7d1a-490c-afd2-db8f0e0cea86,00:10:24.196,"[31.3, 43.8]","[22.1, 46.2]",9.507892,
Pass,RB Leipzig,Mohamed Simakan,Right Center Back,30360.0,Timo Werner,a4638350-840e-4754-8c87-afcbc3e428dc,00:10:25.630,"[22.9, 46.0]","[47.2, 16.1]",38.52921,Incomplete
Pass,RB Leipzig,Odilon Kossonou,Right Center Back,27133.0,Jeremie Frimpong,021c66dd-64ee-452b-9853-ee47714db2b1,00:10:31.953,"[70.9, 69.8]","[93.2, 80.0]",24.522032,Out
Pass,RB Leipzig,David Raum,Left Back,12034.0,Timo Werner,5b4e44d9-1954-445f-8049-2e8fc3f4deb6,00:10:50.328,"[32.3, 0.1]","[47.0, 9.5]",17.448496,
Pass,RB Leipzig,Janis Blaswich,Goalkeeper,15155.0,Willi Orban,5279eabb-3993-4550-b2e2-70a9bf285277,00:12:15.319,"[7.0, 36.1]","[13.3, 14.3]",22.69207,
Pass,RB Leipzig,Willi Orban,Left Center Back,8509.0,Timo Werner,b847b724-7c4e-4200-b464-e48cb6eee52e,00:12:18.064,"[15.4, 13.4]","[48.2, 21.8]",33.85853,Incomplete
Pass,RB Leipzig,Ikoma Loïs Openda,Right Center Forward,16275.0,Timo Werner,bc4ec5b7-cea4-4146-84cb-82c16c45b662,00:14:08.309,"[32.7, 14.3]","[29.5, 8.5]",6.624198,
Pass,RB Leipzig,David Raum,Left Back,12034.0,Daniel Olmo Carvajal,cf5c6fec-0c15-4876-9ebc-0e66945407c3,00:14:39.142,"[42.4, 0.1]","[47.0, 8.5]",9.577056,
Pass,RB Leipzig,Daniel Olmo Carvajal,Left Center Forward,16532.0,David Raum,2d223434-7225-4ebe-9b26-18e239f63a2d,00:14:39.841,"[47.8, 7.1]","[40.8, 6.5]",7.025667,
Pass,RB Leipzig,David Raum,Left Back,12034.0,Mohamed Simakan,c1a95f63-6d78-4d17-8cb3-ccce06582ede,00:14:40.921,"[41.2, 4.5]","[42.2, 17.7]",13.237824,
Pass,RB Leipzig,Mohamed Simakan,Right Center Back,30360.0,Xaver Schlager,c9ab0456-d155-403b-b0b8-73a221411ab0,00:14:44.010,"[48.0, 25.5]","[32.9, 37.0]",18.980516,
Pass,RB Leipzig,Xaver Schlager,Left Defensive Midfield,8769.0,Benjamin Henrichs,a4cd3808-ab6b-413a-a2af-8838d07773d1,00:14:45.884,"[35.3, 44.4]","[42.0, 70.3]",26.75257,
Pass,RB Leipzig,Benjamin Henrichs,Right Back,8211.0,Mohamed Simakan,99f90adb-70ee-43f9-8e40-4308bb836781,00:14:50.684,"[49.8, 69.7]","[38.4, 61.7]",13.926952,
Pass,RB Leipzig,Mohamed Simakan,Right Center Back,30360.0,Willi Orban,0ba58c5d-aff7-4578-85f0-c62a9f66dfc0,00:14:53.729,"[39.6, 59.1]","[39.2, 31.8]",27.30293,
Pass,RB Leipzig,Willi Orban,Left Center Back,8509.0,David Raum,f97cb036-018a-4450-ad89-75c2201a4935,00:14:56.303,"[43.6, 23.9]","[56.4, 9.7]",19.11753,
Pass,RB Leipzig,David Raum,Left Back,12034.0,Willi Orban,9ad43c61-04bb-44a7-9087-92813d9114d2,00:14:59.559,"[58.9, 5.9]","[40.2, 14.9]",20.753073,
Pass,RB Leipzig,Willi Orban,Left Center Back,8509.0,Mohamed Simakan,913a448a-8b02-4e30-8eef-2b68fee26da9,00:15:02.281,"[41.8, 19.3]","[40.4, 48.8]",29.533201,
Pass,RB Leipzig,Mohamed Simakan,Right Center Back,30360.0,Xavi Simons,42060b73-8051-45ec-b737-d56c6a7778de,00:15:04.707,"[41.4, 50.5]","[63.9, 73.2]",31.96154,
Pass,RB Leipzig,Xavi Simons,Right Midfield,39167.0,Benjamin Henrichs,bfa3fb4b-e175-4ffa-bbd1-12d549737e0e,00:15:10.344,"[90.4, 62.7]","[92.4, 74.4]",11.869709,
Pass,RB Leipzig,Benjamin Henrichs,Right Back,8211.0,Timo Werner,cda266ed-6ef0-49fb-b24d-2260d8ab8a20,00:15:13.152,"[89.0, 65.7]","[104.2, 50.5]",21.496046,Incomplete
Pass,RB Leipzig,Benjamin Henrichs,Right Back,8211.0,Xaver Schlager,14022cd3-9728-4cd7-98bf-0f2f9d427d25,00:15:16.523,"[89.5, 65.4]","[87.1, 51.1]",14.5,Incomplete
Pass,RB Leipzig,Benjamin Henrichs,Right Back,8211.0,David Raum,1ac41593-3056-4124-84da-e1245fce966b,00:15:19.146,"[79.2, 60.7]","[65.1, 39.5]",25.460754,
Pass,RB Leipzig,David Raum,Left Back,12034.0,Benjamin Henrichs,76b69e29-695c-4c02-9850-9531409c238b,00:15:22.002,"[63.7, 36.8]","[70.1, 49.7]",14.400347,
Pass,RB Leipzig,Nicolas Seiwald,Right Defensive Midfield,39460.0,Mohamed Simakan,bc443491-810d-4ae1-831c-e685254ff936,00:15:49.384,"[64.7, 45.8]","[50.2, 50.9]",15.370751,
Pass,RB Leipzig,Mohamed Simakan,Right Center Back,30360.0,Willi Orban,08fa66a0-e546-43cf-b51b-6fdb7f8a69bf,00:15:52.234,"[48.8, 52.9]","[40.0, 27.4]",26.975729,
Pass,RB Leipzig,Willi Orban,Left Center Back,8509.0,David Raum,31c71149-5aa7-4305-ada7-a2710eefb529,00:15:57.586,"[45.4, 22.5]","[51.2, 9.5]",14.2351675,
Pass,RB Leipzig,David Raum,Left Back,12034.0,Willi Orban,2f2c7756-527f-493a-8036-d1f66166f0d3,00:15:59.241,"[49.8, 7.5]","[37.2, 21.5]",18.835073,
Pass,RB Leipzig,Willi Orban,Left Center Back,8509.0,David Raum,38cfffba-a504-45e3-94a5-5442c275ede3,00:16:02.973,"[38.6, 22.5]","[48.4, 10.1]",15.805062,
Pass,RB Leipzig,David Raum,Left Back,12034.0,Willi Orban,d1ed7d2d-18fd-4208-8a93-1ee2ef3f3d04,00:16:05.557,"[48.6, 9.9]","[39.6, 21.1]",14.36802,
Pass,RB Leipzig,Willi Orban,Left Center Back,8509.0,Daniel Olmo Carvajal,4f08eadc-0643-40c7-a30e-4ff600dca255,00:16:08.445,"[40.6, 22.9]","[51.2, 17.7]",11.806778,
Pass,RB Leipzig,Daniel Olmo Carvajal,Left Center Forward,16532.0,Ikoma Loïs Openda,3e9b13a1-e446-491f-bcb1-d33c2d72aa7b,00:16:11.241,"[52.0, 17.9]","[75.3, 15.3]",23.444616,Incomplete
Pass,RB Leipzig,David Raum,Left Back,12034.0,Xaver Schlager,3fad4122-a805-431d-a2f4-ff5469704881,00:18:09.737,"[22.3, 0.1]","[23.9, 11.5]",11.511733,
Pass,RB Leipzig,Xaver Schlager,Left Defensive Midfield,8769.0,David Raum,a703298c-9638-4982-b6e3-831f2fee3aa4,00:18:10.494,"[23.7, 12.1]","[21.1, 0.1]",12.278437,Out
Pass,RB Leipzig,Willi Orban,Left Center Back,8509.0,Timo Werner,64f9fac0-6c59-42a4-aee1-bc22231d0ff5,00:19:24.414,"[31.1, 19.7]","[41.8, 10.5]",14.111343,
Pass,RB Leipzig,Timo Werner,Left Midfield,5557.0,David Raum,db54df22-174a-4b44-a29e-183fcfd8948e,00:19:26.472,"[43.0, 6.9]","[33.3, 11.9]",10.912836,
Pass,RB Leipzig,Nicolas Seiwald,Right Defensive Midfield,39460.0,Willi Orban,23e4d46c-88bb-4c60-a436-d5b475d5071e,00:19:58.536,"[49.6, 24.9]","[41.2, 27.6]",8.823265,
Pass,RB Leipzig,Willi Orban,Left Center Back,8509.0,Xaver Schlager,c9d3491e-eddb-4209-950a-a21286426828,00:19:59.632,"[40.8, 25.7]","[57.2, 20.5]",17.20465,
Pass,RB Leipzig,Xaver Schlager,Left Defensive Midfield,8769.0,Timo Werner,7f7bb6b5-c357-493f-8a59-f108af64eead,00:20:00.479,"[57.2, 18.7]","[78.9, 18.3]",21.703686,
Pass,RB Leipzig,David Raum,Left Back,12034.0,Ikoma Loïs Openda,84ad3b1a-c433-499e-8674-9644a149f195,00:20:48.947,"[120.0, 0.1]","[113.0, 40.5]",41.00195,
Pass,RB Leipzig,Timo Werner,Left Midfield,5557.0,Benjamin Henrichs,e87b4c9b-1887-43b6-9a01-ac55a2142080,00:20:56.011,"[109.7, 76.8]","[90.8, 69.9]",20.12014,
Pass,RB Leipzig,Benjamin Henrichs,Right Back,8211.0,Willi Orban,401f0c09-9789-4d52-8aba-550b637f7dc1,00:20:58.831,"[90.4, 60.3]","[106.5, 24.7]",39.071346,
Pass,RB Leipzig,Daniel Olmo Carvajal,Left Center Forward,16532.0,Benjamin Henrichs,f78e1d88-e6c8-43d9-8727-50f8216532d2,00:22:42.627,"[47.4, 56.9]","[38.6, 71.3]",16.876019,
Pass,RB Leipzig,Benjamin Henrichs,Right Back,8211.0,Mohamed Simakan,11c59ad4-dcc3-4d02-87e7-ed6fc15407c1,00:22:44.942,"[38.4, 71.7]","[29.1, 63.1]",12.666886,
Pass,RB Leipzig,Mohamed Simakan,Right Center Back,30360.0,Janis Blaswich,c0a11d57-e4a5-4ee9-9ddd-a31521a34f8e,00:22:47.449,"[24.9, 57.9]","[12.0, 52.9]",13.8351,
Pass,RB Leipzig,Janis Blaswich,Goalkeeper,15155.0,Willi Orban,7fd233a4-253c-4f75-a8e5-fb45feba2981,00:22:49.737,"[10.0, 47.6]","[9.0, 25.3]",22.32241,
Pass,RB Leipzig,Willi Orban,Left Center Back,8509.0,Timo Werner,90ebbc9e-3bd3-4eef-a774-880c32273057,00:22:52.306,"[9.8, 17.7]","[43.2, 12.1]",33.866207,
Pass,RB Leipzig,Ikoma Loïs Openda,Right Center Forward,16275.0,Daniel Olmo Carvajal,48ddca03-4e74-4f54-8955-38d8d78aa178,00:25:58.671,"[61.0, 40.1]","[57.0, 42.2]",4.5177426,
Pass,RB Leipzig,Daniel Olmo Carvajal,Left Center Forward,16532.0,Willi Orban,d8a17e55-8a04-423b-b192-3006996db5ff,00:26:02.867,"[56.8, 41.2]","[43.4, 27.0]",19.524343,
Pass,RB Leipzig,Willi Orban,Left Center Back,8509.0,Mohamed Simakan,4ca60308-1eec-418e-9fba-cde2aee7d9e2,00:26:05.731,"[42.2, 27.4]","[41.4, 55.9]",28.511227,
Pass,RB Leipzig,Mohamed Simakan,Right Center Back,30360.0,Benjamin Henrichs,04405779-4626-4b3b-ba90-13b113c044db,00:26:07.956,"[42.8, 62.9]","[49.4, 74.4]",13.259336,
Pass,RB Leipzig,Benjamin Henrichs,Right Back,8211.0,Mohamed Simakan,8a10e759-8d4d-4fed-88a2-aa8df428640d,00:26:11.973,"[47.2, 74.8]","[35.1, 72.7]",12.280879,
Pass,RB Leipzig,Mohamed Simakan,Right Center Back,30360.0,Willi Orban,b7145da6-cbb0-42af-8785-8c26bb8cfc33,00:26:16.767,"[35.3, 61.7]","[33.7, 28.6]",33.13865,
Pass,RB Leipzig,Willi Orban,Left Center Back,8509.0,David Raum,2d22c127-9c09-43db-9d6c-1ae03b66cc04,00:26:20.182,"[34.3, 26.1]","[44.0, 8.7]",19.921095,
Pass,RB Leipzig,David Raum,Left Back,12034.0,Ikoma Loïs Openda,b8b03725-9014-40e0-be41-8a6427c8d152,00:26:22.559,"[51.2, 8.5]","[69.7, 19.3]",21.421719,Incomplete
Pass,RB Leipzig,David Raum,Left Back,12034.0,Willi Orban,367c7831-560d-41cc-aeda-474b59865411,00:26:30.039,"[43.2, 15.7]","[33.7, 27.8]",15.383758,
Pass,RB Leipzig,Willi Orban,Left Center Back,8509.0,Mohamed Simakan,bb11389e-187e-42c0-9511-6a091972bb42,00:26:32.471,"[35.3, 33.2]","[32.1, 53.9]",20.945883,
Pass,RB Leipzig,Mohamed Simakan,Right Center Back,30360.0,Benjamin Henrichs,6156a259-e40f-4a3c-ad83-8da7b7c0da83,00:26:35.113,"[34.5, 55.1]","[43.8, 73.8]",20.884922,
Pass,RB Leipzig,Benjamin Henrichs,Right Back,8211.0,Xavi Simons,0fbad103-4f26-4c72-afbc-857612d28668,00:26:39.101,"[49.2, 72.7]","[58.2, 66.1]",11.1606455,
Pass,RB Leipzig,Xavi Simons,Right Midfield,39167.0,Nicolas Seiwald,9f0f4386-1059-4388-9cb6-44a4d5bbaeec,00:26:40.431,"[57.8, 66.1]","[54.8, 56.7]",9.867117,
Pass,RB Leipzig,Nicolas Seiwald,Right Defensive Midfield,39460.0,Willi Orban,4e89750d-9bae-4a0d-b2e2-195cb6468260,00:26:43.133,"[52.4, 54.9]","[43.8, 25.7]",30.440105,
Pass,RB Leipzig,Willi Orban,Left Center Back,8509.0,David Raum,0b69d284-4bb8-4b97-b340-10c162229465,00:26:46.206,"[45.2, 21.3]","[49.2, 8.9]",13.029198,
Pass,RB Leipzig,David Raum,Left Back,12034.0,Janis Blaswich,a541557f-3d43-49f9-8d1d-9e9ca299c986,00:26:48.582,"[50.0, 10.3]","[19.7, 35.4]",39.3459,
Pass,RB Leipzig,Janis Blaswich,Goalkeeper,15155.0,Nicolas Seiwald,df193fba-2c9f-4dee-a184-5b1e43c30154,00:26:52.960,"[20.1, 39.8]","[34.1, 40.8]",14.035668,
Pass,RB Leipzig,Nicolas Seiwald,Right Defensive Midfield,39460.0,Willi Orban,82a0270d-9a84-4743-9939-f48077d3311a,00:26:53.878,"[35.1, 41.4]","[20.3, 23.3]",23.380547,
Pass,RB Leipzig,Willi Orban,Left Center Back,8509.0,Benjamin Henrichs,80caf7a5-bcc2-44f3-855a-320c1d97594f,00:26:57.057,"[14.3, 25.9]","[28.7, 70.9]",47.247856,
Pass,RB Leipzig,Benjamin Henrichs,Right Back,8211.0,Ikoma Loïs Openda,e75ef15e-af36-4cfe-a366-94a33746e301,00:27:02.128,"[34.5, 67.9]","[56.4, 64.7]",22.132555,
Pass,RB Leipzig,Ikoma Loïs Openda,Right Center Forward,16275.0,Benjamin Henrichs,105d29d6-bf97-42ff-a85f-e9f0feddb75c,00:27:05.715,"[46.4, 71.7]","[50.2, 65.5]",7.2718635,
Pass,RB Leipzig,Benjamin Henrichs,Right Back,8211.0,David Raum,4c939802-f16a-488c-a5d9-05a6bbda0687,00:27:08.705,"[62.9, 64.5]","[77.9, 12.7]",53.9281,
Pass,RB Leipzig,David Raum,Left Back,12034.0,Timo Werner,5b7e99ff-d841-4425-ad52-0d752ceec862,00:27:14.645,"[74.7, 8.9]","[79.1, 20.5]",12.40645,Incomplete
Pass,RB Leipzig,David Raum,Left Back,12034.0,Willi Orban,823d1c95-44eb-4bbb-ba43-54c67d62fe8f,00:27:23.970,"[10.6, 12.7]","[12.9, 25.7]",13.201894,
Pass,RB Leipzig,Willi Orban,Left Center Back,8509.0,David Raum,964f438d-5e1b-43e0-b0f7-58db7296a886,00:27:26.999,"[9.0, 28.4]","[2.6, 12.3]",17.325415,
Pass,RB Leipzig,David Raum,Left Back,12034.0,Xaver Schlager,aa2ac844-d325-43c2-ba9e-1b1bf168a0b4,00:27:29.103,"[3.8, 9.9]","[20.5, 16.5]",17.956892,Incomplete
Pass,RB Leipzig,Xaver Schlager,Left Defensive Midfield,8769.0,Daniel Olmo Carvajal,618f5b78-5a65-47b6-a708-5a1965f314d2,00:27:33.260,"[5.2, 25.3]","[27.3, 6.7]",28.885464,
Pass,RB Leipzig,Daniel Olmo Carvajal,Left Center Forward,16532.0,Xavi Simons,a172ab11-debb-4c65-b1ce-e1afe98f0332,00:27:38.352,"[30.7, 9.9]","[51.8, 40.2]",36.922894,
Pass,RB Leipzig,David Raum,Left Back,12034.0,Ikoma Loïs Openda,d3799272-d6ea-45ca-81e2-d28345300734,00:28:49.403,"[73.7, 0.1]","[90.4, 13.1]",21.163412,
Pass,RB Leipzig,Ikoma Loïs Openda,Right Center Forward,16275.0,Timo Werner,8c6a7ee4-0cbc-447f-9666-bdcf7d50e3ba,00:28:51.935,"[89.6, 5.7]","[84.0, 5.1]",5.632051,
Pass,RB Leipzig,David Raum,Left Back,12034.0,Nicolas Seiwald,60ce0c2f-8a3f-42c3-899a-5650de13e7a6,00:28:54.608,"[71.5, 6.5]","[69.7, 16.9]",10.55462,Incomplete
Pass,RB Leipzig,David Raum,Left Back,12034.0,Ikoma Loïs Openda,f829fd97-0c07-4240-a7b5-761a63f20c96,00:30:39.124,"[34.1, 8.5]","[44.8, 21.5]",16.837162,
Pass,RB Leipzig,Ikoma Loïs Openda,Right Center Forward,16275.0,Willi Orban,bbe922d3-9ff5-4efe-b81d-56cedecb2eb1,00:30:43.775,"[39.0, 25.5]","[21.5, 26.1]",17.510283,
Pass,RB Leipzig,Willi Orban,Left Center Back,8509.0,Janis Blaswich,ec46dd96-e009-4980-892c-0c43c0d9a37c,00:30:46.734,"[20.1, 27.8]","[8.8, 40.6]",17.07425,
Pass,RB Leipzig,Janis Blaswich,Goalkeeper,15155.0,Mohamed Simakan,c4267705-9517-4871-a2ee-a52da327d5ce,00:30:51.628,"[7.6, 44.8]","[9.6, 56.5]",11.869709,
Pass,RB Leipzig,Mohamed Simakan,Right Center Back,30360.0,Janis Blaswich,3deca476-c6a9-4126-a05c-e943067875e4,00:30:54.183,"[10.8, 59.7]","[5.6, 47.6]",13.170042,
Pass,RB Leipzig,Janis Blaswich,Goalkeeper,15155.0,Willi Orban,6de27aba-fa2a-417c-bf42-11091f2a4742,00:30:57.168,"[6.2, 45.8]","[7.6, 20.9]",24.939327,
Pass,RB Leipzig,Willi Orban,Left Center Back,8509.0,Janis Blaswich,627d0450-1390-47c9-a03d-7ce60af371f1,00:31:00.361,"[10.8, 12.7]","[3.2, 38.2]",26.608458,
Pass,RB Leipzig,Janis Blaswich,Goalkeeper,15155.0,Mohamed Simakan,42a2f918-898d-4de1-acb1-5dcc74ef4d59,00:31:06.022,"[8.2, 36.6]","[7.4, 55.7]",19.116747,
Pass,RB Leipzig,Mohamed Simakan,Right Center Back,30360.0,Janis Blaswich,449e1f8a-452f-4b0d-94a5-a7115da70ae1,00:31:09.182,"[7.2, 58.3]","[3.8, 43.4]",15.282997,
Pass,RB Leipzig,Janis Blaswich,Goalkeeper,15155.0,Mohamed Simakan,805930c8-3094-400f-ab17-d2f50b5b2efc,00:31:15.997,"[7.2, 40.4]","[7.6, 56.1]",15.705094,
Pass,RB Leipzig,Mohamed Simakan,Right Center Back,30360.0,Janis Blaswich,471492a1-2b32-4e64-a3e5-76e4bc507d8e,00:31:17.508,"[7.6, 57.1]","[4.4, 42.8]",14.653668,
Pass,RB Leipzig,Janis Blaswich,Goalkeeper,15155.0,Willi Orban,0064eca1-fba6-4380-b26c-cfde6828e5b5,00:31:20.393,"[6.6, 39.4]","[9.8, 13.7]",25.898455,
Pass,RB Leipzig,Willi Orban,Left Center Back,8509.0,Janis Blaswich,62c9246b-d340-4661-b9a0-9a81e257de74,00:31:24.675,"[14.9, 12.5]","[4.8, 36.4]",25.946484,
Pass,RB Leipzig,Janis Blaswich,Goalkeeper,15155.0,David Raum,140c653a-e218-47be-8b5a-e3e03a50de3b,00:31:31.831,"[8.4, 37.0]","[22.3, 9.1]",31.17082,
Pass,RB Leipzig,David Raum,Left Back,12034.0,Daniel Olmo Carvajal,48515532-d590-4e05-9bb1-d20eba84e220,00:31:52.697,"[27.1, 0.1]","[33.9, 7.3]",9.903535,
Pass,RB Leipzig,Daniel Olmo Carvajal,Left Center Forward,16532.0,David Raum,6f2cb084-1b44-44b3-bbd0-970606ad302e,00:31:53.715,"[32.9, 8.1]","[23.9, 6.7]",9.108238,
Pass,RB Leipzig,Xavi Simons,Right Midfield,39167.0,Benjamin Henrichs,f7d278a2-8815-46b4-aef3-af0e8824b64d,00:32:21.335,"[65.1, 80.0]","[51.8, 77.0]",13.634149,
Pass,RB Leipzig,Benjamin Henrichs,Right Back,8211.0,Mohamed Simakan,0a7b193d-0fc7-48a5-9b4c-e40dc4cb1c15,00:32:23.652,"[53.4, 76.2]","[41.6, 71.9]",12.55906,
Pass,RB Leipzig,Mohamed Simakan,Right Center Back,30360.0,Willi Orban,23b964ce-a666-42fe-8ddc-5247008e2cd3,00:32:26.639,"[43.0, 67.7]","[37.0, 37.6]",30.69218,
Pass,RB Leipzig,Willi Orban,Left Center Back,8509.0,David Raum,91697408-b406-4ddf-8fa4-7905b72cf720,00:32:29.443,"[42.6, 33.0]","[49.4, 12.9]",21.219095,
Pass,RB Leipzig,David Raum,Left Back,12034.0,Willi Orban,18a3e469-5177-4d50-be91-98d566a716cb,00:32:33.040,"[50.8, 10.5]","[42.4, 20.1]",12.756175,
Pass,RB Leipzig,Willi Orban,Left Center Back,8509.0,David Raum,73709b5a-8529-4142-9a81-cddd719fac85,00:32:35.014,"[45.4, 18.1]","[62.5, 9.3]",19.231485,
Pass,RB Leipzig,David Raum,Left Back,12034.0,Willi Orban,a11c582f-0f46-4713-81a6-8868dc65ce33,00:32:37.282,"[64.3, 6.1]","[53.4, 13.7]",13.287965,
Pass,RB Leipzig,Willi Orban,Left Center Back,8509.0,Nicolas Seiwald,1680a0bd-ac31-403f-924d-5eee7717133e,00:32:40.740,"[56.6, 18.7]","[66.1, 26.6]",12.355565,
Pass,RB Leipzig,Ikoma Loïs Openda,Right Center Forward,16275.0,Xaver Schlager,b6996bfd-2a1c-4520-910b-d517597257da,00:35:00.629,"[61.0, 40.1]","[35.8, 60.1]",32.17204,
Pass,RB Leipzig,Xaver Schlager,Left Defensive Midfield,8769.0,Willi Orban,039cc8af-346f-489b-b35c-53783edb2ee7,00:35:03.718,"[36.2, 64.5]","[31.5, 36.6]",28.293108,
Pass,RB Leipzig,Willi Orban,Left Center Back,8509.0,David Raum,d60170e0-33b6-4fb4-aadb-7a8e703dc468,00:35:05.509,"[33.7, 33.2]","[36.2, 14.1]",19.262918,
Pass,RB Leipzig,David Raum,Left Back,12034.0,Nicolas Seiwald,18ffca5c-c0c5-4851-b367-ee88e0582bbd,00:35:07.489,"[36.8, 11.5]","[39.6, 40.0]",28.637213,
Pass,RB Leipzig,Nicolas Seiwald,Right Defensive Midfield,39460.0,Mohamed Simakan,da350c1a-df66-4e2d-afa4-b072e9dec141,00:35:08.824,"[39.8, 39.2]","[32.9, 54.5]",16.78392,
Pass,RB Leipzig,Mohamed Simakan,Right Center Back,30360.0,Benjamin Henrichs,1202991a-9ccb-4ed7-ab48-adc7a4a74891,00:35:14.792,"[63.7, 60.7]","[72.1, 75.8]",17.279179,
Pass,RB Leipzig,Benjamin Henrichs,Right Back,8211.0,Ikoma Loïs Openda,1b4410f8-3bf2-4eb0-86e1-500ef19e2fa7,00:35:17.352,"[75.3, 75.0]","[94.4, 57.9]",25.636303,Incomplete
Pass,RB Leipzig,Janis Blaswich,Goalkeeper,15155.0,Daniel Olmo Carvajal,310d40d2-f16f-4e4e-bb9f-8555ff575ba8,00:37:15.627,"[6.0, 43.6]","[30.7, 30.0]",28.19663,
Pass,RB Leipzig,Daniel Olmo Carvajal,Left Center Forward,16532.0,David Raum,af6abd23-cd58-4b7b-ba85-13a6aec5436d,00:37:17.071,"[31.5, 28.8]","[29.5, 8.9]",20.00025,
Pass,RB Leipzig,David Raum,Left Back,12034.0,Willi Orban,a5245c3c-8aa3-4fc4-8d4b-0e8e86c69f8c,00:37:32.986,"[65.9, 0.1]","[49.0, 13.3]",21.444113,
Pass,RB Leipzig,Willi Orban,Left Center Back,8509.0,Xaver Schlager,21c938b3-b534-440c-9353-0a009cf1c170,00:37:35.276,"[51.4, 17.7]","[51.8, 30.4]",12.706298,
Pass,RB Leipzig,Xaver Schlager,Left Defensive Midfield,8769.0,Xavi Simons,c0208f39-0546-4241-b530-7f02bfaa644f,00:37:42.088,"[80.1, 41.4]","[92.4, 54.9]",18.263077,
Pass,RB Leipzig,Willi Orban,Left Center Back,8509.0,Xavi Simons,090d5d76-b580-4a39-980d-befa5fa0e646,00:37:51.712,"[45.8, 52.5]","[65.5, 55.7]",19.958206,
Pass,RB Leipzig,Xavi Simons,Right Midfield,39167.0,Ikoma Loïs Openda,c8293e46-d3da-4590-b037-8976a0261afc,00:37:53.848,"[69.3, 54.9]","[95.2, 59.3]",26.271088,
Pass,RB Leipzig,David Raum,Left Back,12034.0,Daniel Olmo Carvajal,956d5600-0ce5-4b11-880a-ef83c8ac548b,00:38:54.704,"[120.0, 80.0]","[115.4, 48.8]",31.53728,
Pass,RB Leipzig,Janis Blaswich,Goalkeeper,15155.0,David Raum,8f5a37f8-7559-46a5-add4-f28cfa9a87a5,00:39:41.353,"[11.8, 36.6]","[31.5, 8.9]",33.990883,
Pass,RB Leipzig,David Raum,Left Back,12034.0,Willi Orban,57ecef93-6e55-454c-a0d4-3fa7f6ab6206,00:39:46.741,"[36.4, 7.5]","[24.5, 18.5]",16.205246,
Pass,RB Leipzig,Willi Orban,Left Center Back,8509.0,Xaver Schlager,9b56ed08-fce1-4681-9db1-c29b75361e94,00:39:50.647,"[28.1, 22.1]","[32.7, 35.0]",13.69562,
Pass,RB Leipzig,Xaver Schlager,Left Defensive Midfield,8769.0,Willi Orban,6ba04af5-b4c5-4824-bbca-30f5d4443f3c,00:39:55.476,"[36.2, 35.4]","[33.1, 22.9]",12.878665,
Pass,RB Leipzig,Willi Orban,Left Center Back,8509.0,Xaver Schlager,87bf7cdb-7bb0-4f08-bce1-b70a8f6229bf,00:39:58.536,"[34.9, 24.1]","[33.5, 45.6]",21.545532,
Pass,RB Leipzig,Xaver Schlager,Left Defensive Midfield,8769.0,Mohamed Simakan,27dd204d-c9c5-4342-86df-c69595557e1b,00:40:01.316,"[33.9, 50.1]","[31.7, 66.5]",16.546904,
Pass,RB Leipzig,Mohamed Simakan,Right Center Back,30360.0,Benjamin Henrichs,00d7b8cd-4bfd-4afb-a4b4-64029b0cd2e4,00:40:02.907,"[31.9, 69.9]","[44.2, 74.4]",13.097328,
Pass,RB Leipzig,Benjamin Henrichs,Right Back,8211.0,Xavi Simons,e51d91a0-39ae-42d4-bf2c-ed6e5b3a5bf2,00:40:05.441,"[42.2, 74.4]","[62.5, 73.8]",20.308865,
Pass,RB Leipzig,Xavi Simons,Right Midfield,39167.0,Daniel Olmo Carvajal,b78fd6e0-72d1-47dd-b73a-220e5d09f89b,00:40:07.123,"[63.5, 73.6]","[69.3, 66.1]",9.481033,
Pass,RB Leipzig,Daniel Olmo Carvajal,Left Center Forward,16532.0,Xavi Simons,9fe6b025-4cc2-466d-9267-8b05ffe817b9,00:40:11.083,"[70.9, 75.0]","[79.7, 76.8]",8.982204,
Pass,RB Leipzig,Xavi Simons,Right Midfield,39167.0,Benjamin Henrichs,edc97c17-a6e8-48df-ab2c-d03ad206bca7,00:40:14.303,"[78.9, 72.8]","[76.7, 68.9]",4.4777226,
Pass,RB Leipzig,Benjamin Henrichs,Right Back,8211.0,Ikoma Loïs Openda,867e837c-847a-49ba-8731-cfc2ae955a3e,00:40:14.824,"[76.9, 66.5]","[89.4, 63.5]",12.85496,Incomplete
Pass,RB Leipzig,Xaver Schlager,Left Defensive Midfield,8769.0,Willi Orban,fd508289-2a0f-4a09-9942-89c394ad689b,00:40:21.304,"[66.5, 41.0]","[47.6, 41.8]",18.916924,
Pass,RB Leipzig,Willi Orban,Left Center Back,8509.0,Timo Werner,0f592397-a28b-44c4-84a8-0cdec83411e0,00:40:22.743,"[47.6, 41.6]","[71.1, 19.9]",31.986559,
Pass,RB Leipzig,David Raum,Left Back,12034.0,Willi Orban,9a798038-8119-4d17-89b9-d34ef7b74aa5,00:41:10.953,"[32.1, 10.1]","[43.8, 8.7]",11.783463,
Pass,RB Leipzig,Willi Orban,Left Center Back,8509.0,Timo Werner,ac1f9bef-6a0f-41e8-b504-aa1008686fb4,00:41:12.087,"[43.2, 9.4]","[58.4, 6.8]",15.420765,Incomplete
Pass,RB Leipzig,Jeremie Frimpong,Right Wing Back,32712.0,Granit Xhaka,12c615f7-fbd1-4328-9ba5-b3de74be232b,00:41:14.040,"[61.7, 73.3]","[62.7, 60.0]",13.337541,Incomplete
Pass,RB Leipzig,Daniel Olmo Carvajal,Left Center Forward,16532.0,Xavi Simons,c3ae625c-1918-49ad-949a-19760809ed7b,00:41:15.797,"[57.4, 20.1]","[66.8, 27.8]",12.151132,Incomplete
Pass,RB Leipzig,Benjamin Henrichs,Right Back,8211.0,Ikoma Loïs Openda,99f4c4cd-bbd7-4fd0-a862-9260eda96a18,00:41:41.424,"[26.1, 80.0]","[30.8, 68.4]",12.515989,
Pass,RB Leipzig,Benjamin Henrichs,Right Back,8211.0,Mohamed Simakan,9d80155b-e803-4302-a438-d9882405f8b7,00:42:25.809,"[50.0, 73.2]","[40.6, 68.5]",10.50952,
Pass,RB Leipzig,Mohamed Simakan,Right Center Back,30360.0,Willi Orban,c63de0dd-eb63-4f39-ab46-dcd3c780614d,00:42:29.397,"[41.8, 63.7]","[41.8, 22.5]",41.2,
Pass,RB Leipzig,Willi Orban,Left Center Back,8509.0,David Raum,d981cc53-fa57-4f09-8a88-f77f2afdd458,00:42:34.251,"[38.2, 11.5]","[42.6, 5.9]",7.1217976,
Pass,RB Leipzig,David Raum,Left Back,12034.0,Willi Orban,30333bf0-6bb5-484f-8f9a-1a8a95db0358,00:42:38.961,"[43.4, 0.1]","[32.1, 19.3]",22.278465,
Pass,RB Leipzig,Willi Orban,Left Center Back,8509.0,Mohamed Simakan,552b0298-f840-4c05-a7b2-6be1ba11b651,00:42:42.326,"[27.3, 23.3]","[27.7, 55.1]",31.802515,
Pass,RB Leipzig,Mohamed Simakan,Right Center Back,30360.0,Xavi Simons,33b61f11-d95b-484a-afa6-d41d2a9ecbb1,00:42:45.695,"[35.8, 60.3]","[56.4, 74.6]",25.076881,
Pass,RB Leipzig,Xavi Simons,Right Midfield,39167.0,Benjamin Henrichs,66b4d128-88b9-4565-a971-4cb80058dc40,00:42:50.249,"[77.5, 65.5]","[78.3, 73.2]",7.741447,
Pass,RB Leipzig,Benjamin Henrichs,Right Back,8211.0,Nicolas Seiwald,d4e23a16-056a-494f-9394-935cdbd439b8,00:42:53.056,"[81.1, 75.4]","[66.5, 68.5]",16.148375,
Pass,RB Leipzig,Nicolas Seiwald,Right Defensive Midfield,39460.0,Mohamed Simakan,5407652d-9aac-4050-adec-f0ede1624c62,00:42:55.038,"[66.3, 67.3]","[62.1, 61.1]",7.488658,
Pass,RB Leipzig,Mohamed Simakan,Right Center Back,30360.0,David Raum,1b9761e6-4cd3-4b21-8d68-af09a3eafb07,00:42:57.209,"[64.9, 56.5]","[94.0, 18.7]",47.703773,Incomplete
Pass,RB Leipzig,Daniel Olmo Carvajal,Left Center Forward,16532.0,Mohamed Simakan,eee5a001-2ee3-45d4-ad81-acd2068d9226,00:43:10.460,"[64.3, 29.0]","[55.8, 46.0]",19.006578,
Pass,RB Leipzig,Mohamed Simakan,Right Center Back,30360.0,Xavi Simons,10e65e72-bbcc-424f-a271-e48da1b47711,00:43:12.944,"[57.4, 47.8]","[75.7, 71.1]",29.627352,
Pass,RB Leipzig,Xavi Simons,Right Midfield,39167.0,Nicolas Seiwald,160f823e-a329-4b6b-9afc-7506dc0296de,00:43:16.202,"[77.3, 74.6]","[77.1, 65.3]",9.302151,
Pass,RB Leipzig,Nicolas Seiwald,Right Defensive Midfield,39460.0,Benjamin Henrichs,313c84b0-cff7-432e-bb72-5da2469f9d79,00:43:19.063,"[80.3, 68.3]","[89.0, 73.6]",10.187247,
Pass,RB Leipzig,Benjamin Henrichs,Right Back,8211.0,Nicolas Seiwald,0e3ec52e-9487-4c28-8ba9-fdb1de9073cb,00:43:21.580,"[86.4, 71.1]","[120.0, 65.3]",34.09692,Out
Pass,RB Leipzig,David Raum,Left Back,12034.0,Xaver Schlager,f4705488-fd75-4804-a8c3-0369cb13426f,00:44:49.319,"[28.1, 0.1]","[30.9, 14.5]",14.669697,
Pass,RB Leipzig,Xaver Schlager,Left Defensive Midfield,8769.0,David Raum,8ac770b8-a386-4a9d-81d8-f4fd384f7e26,00:44:51.821,"[27.3, 19.3]","[28.5, 7.5]",11.86086,
Pass,RB Leipzig,David Raum,Left Back,12034.0,Willi Orban,8d54eb2c-b906-4d48-af96-251fa0c40db0,00:44:53.363,"[26.1, 5.9]","[6.4, 13.3]",21.044,
Pass,RB Leipzig,Janis Blaswich,Goalkeeper,15155.0,Mohamed Simakan,1ee0ae1b-3f09-4108-82b8-4428fcf754c4,00:45:34.178,"[22.3, 44.2]","[24.7, 55.3]",11.356496,
Pass,RB Leipzig,Mohamed Simakan,Right Center Back,30360.0,Benjamin Henrichs,11154b15-4bf4-4fec-b178-d04fe018dd9d,00:45:36.240,"[24.5, 57.9]","[36.6, 75.4]",21.275808,
Pass,RB Leipzig,Benjamin Henrichs,Right Back,8211.0,Xavi Simons,3ef55539-1196-4b5a-82fe-415d4709ac48,00:45:38.771,"[39.8, 73.8]","[49.0, 67.1]",11.3811245,
Pass,RB Leipzig,Xavi Simons,Right Midfield,39167.0,Mohamed Simakan,83861ace-2855-4fd4-8dff-5eb8b3d33b3a,00:45:39.654,"[49.6, 67.1]","[30.7, 64.9]",19.02761,
Pass,RB Leipzig,Mohamed Simakan,Right Center Back,30360.0,Willi Orban,4c3f951d-358b-4b7e-a9be-69b94fca7e65,00:45:42.554,"[34.7, 62.1]","[29.9, 23.7]",38.698837,
Pass,RB Leipzig,Willi Orban,Left Center Back,8509.0,Mohamed Simakan,3562087e-0024-4708-ae43-38d9a5905962,00:45:49.303,"[43.0, 32.6]","[37.0, 52.3]",20.593445,
Pass,RB Leipzig,Mohamed Simakan,Right Center Back,30360.0,Benjamin Henrichs,b255b3ba-6a0e-4f4c-aea1-2194c710a2bb,00:45:51.759,"[40.8, 56.9]","[52.8, 73.4]",20.402206,
Pass,RB Leipzig,Benjamin Henrichs,Right Back,8211.0,Ikoma Loïs Openda,ae88ea10-10d9-4266-ade8-b5e1f53f7126,00:45:54.616,"[56.4, 74.0]","[99.4, 60.5]",45.06939,Incomplete
Pass,RB Leipzig,Benjamin Henrichs,Right Back,8211.0,Xavi Simons,a50dff4e-66bf-4bfc-9057-ea91ecfc5642,00:46:19.191,"[105.3, 80.0]","[91.8, 71.7]",15.847397,
Pass,RB Leipzig,Xavi Simons,Right Midfield,39167.0,Willi Orban,d7674bfd-32df-4e5d-826c-9210069d7dd2,00:46:20.877,"[91.2, 70.5]","[68.7, 64.5]",23.286263,
Pass,RB Leipzig,Willi Orban,Left Center Back,8509.0,Xaver Schlager,b7944875-14f9-4324-8636-72748e77e00b,00:46:25.452,"[62.5, 51.3]","[67.7, 45.6]",7.7155685,
Pass,RB Leipzig,Xaver Schlager,Left Defensive Midfield,8769.0,Mohamed Simakan,d6df97df-b55e-4967-ae1d-b094dbd9654d,00:46:27.256,"[65.9, 43.4]","[56.2, 67.7]",26.16448,
Pass,RB Leipzig,Mohamed Simakan,Right Center Back,30360.0,Xaver Schlager,17c64825-5916-4283-b879-a0dfcf15c93e,00:46:30.801,"[48.8, 64.3]","[55.2, 54.5]",11.7046995,
Pass,RB Leipzig,Xaver Schlager,Left Defensive Midfield,8769.0,Mohamed Simakan,cb1b6cd4-8815-4ca3-b61f-ab018642a073,00:46:31.634,"[55.2, 53.1]","[47.0, 61.1]",11.456003,
Pass,RB Leipzig,Mohamed Simakan,Right Center Back,30360.0,Nicolas Seiwald,4f19a1c0-8aca-4ed9-b98c-3a4c06a222ec,00:46:33.300,"[43.2, 64.3]","[50.8, 74.4]",12.640016,
Pass,RB Leipzig,Nicolas Seiwald,Right Defensive Midfield,39460.0,Mohamed Simakan,61ed751f-8dd7-43e2-8d9c-eb0c6bfbce99,00:46:35.159,"[49.0, 74.2]","[37.0, 66.3]",14.366976,
Pass,RB Leipzig,Mohamed Simakan,Right Center Back,30360.0,Janis Blaswich,77c33b2f-83ad-4d95-9524-920a31df2558,00:46:37.068,"[34.3, 65.1]","[22.7, 44.6]",23.554405,
Pass,RB Leipzig,Janis Blaswich,Goalkeeper,15155.0,Willi Orban,357d81a9-f00b-4e31-9a3e-1e728100c7d1,00:46:39.513,"[23.3, 39.8]","[28.1, 18.1]",22.224537,
Pass,RB Leipzig,Willi Orban,Left Center Back,8509.0,David Raum,614574ad-f303-4674-8cb4-7bb33c5066b2,00:46:41.702,"[27.7, 15.5]","[33.5, 7.1]",10.20784,
Pass,RB Leipzig,David Raum,Left Back,12034.0,Daniel Olmo Carvajal,c0e28f19-e084-465f-924d-9484522c8f0b,00:46:44.089,"[35.8, 6.3]","[50.0, 21.9]",21.095022,
Pass,RB Leipzig,Daniel Olmo Carvajal,Left Center Forward,16532.0,Timo Werner,60837f51-4886-401c-91c5-7220544633b4,00:46:47.231,"[61.7, 23.5]","[90.6, 22.9]",28.906227,Incomplete
Pass,RB Leipzig,Janis Blaswich,Goalkeeper,15155.0,Willi Orban,f369e23c-67d8-4575-b835-2d7fc5dc9a5c,00:47:29.842,"[7.0, 44.1]","[12.1, 25.1]",19.67257,
Pass,RB Leipzig,Willi Orban,Left Center Back,8509.0,Janis Blaswich,4ff88fa3-5f7e-4016-a815-082c78ddd105,00:47:36.086,"[12.1, 23.3]","[5.6, 39.4]",17.362604,
Pass,RB Leipzig,Janis Blaswich,Goalkeeper,15155.0,Benjamin Henrichs,1ee969dd-9386-45fc-b20f-3f0e6b6e77f3,00:47:51.822,"[15.3, 46.0]","[27.1, 71.5]",28.097864,
Pass,RB Leipzig,Benjamin Henrichs,Right Back,8211.0,Mohamed Simakan,0929d49e-dcd0-4c3a-a298-2a48a7a1150f,00:47:55.670,"[27.7, 69.7]","[16.1, 66.1]",12.1457815,
Pass,RB Leipzig,Mohamed Simakan,Right Center Back,30360.0,Janis Blaswich,82da7cff-d297-4c2f-ab4d-2f354da19e03,00:47:57.229,"[17.7, 65.7]","[10.4, 45.8]",21.196697,
Pass,RB Leipzig,Janis Blaswich,Goalkeeper,15155.0,Willi Orban,668288eb-4816-4508-ac9d-db6e0f8a2935,00:47:59.902,"[9.6, 44.6]","[13.3, 25.9]",19.062529,
Pass,RB Leipzig,Mohamed Simakan,Right Center Back,30360.0,Willi Orban,dd004524-f9e4-40da-b424-5588295f597a,00:00:15.382,"[28.9, 64.6]","[30.7, 48.9]",15.802848,
Pass,RB Leipzig,Willi Orban,Left Center Back,8509.0,Xaver Schlager,c19d063b-7820-452f-ab32-61b8ed158257,00:00:18.394,"[24.2, 38.8]","[27.8, 15.6]",23.47765,
Pass,RB Leipzig,Xaver Schlager,Left Defensive Midfield,8769.0,Willi Orban,27ee5f81-de8a-403e-b04d-12bfa6d51b45,00:00:21.826,"[29.3, 13.2]","[27.5, 32.7]",19.582901,
Pass,RB Leipzig,Willi Orban,Left Center Back,8509.0,Mohamed Simakan,ecb36907-b246-4ce6-bb7d-aefb0bd79f02,00:00:24.004,"[27.7, 34.5]","[28.9, 56.2]",21.733154,
Pass,RB Leipzig,Mohamed Simakan,Right Center Back,30360.0,Willi Orban,d1b5926e-0357-482c-9f3f-2478d219da8f,00:00:26.557,"[30.5, 60.8]","[32.9, 41.7]",19.250195,
Pass,RB Leipzig,Willi Orban,Left Center Back,8509.0,Xaver Schlager,60f1c9b8-52cb-490b-b8b7-7be6dc2581ab,00:00:29.751,"[41.2, 31.7]","[49.2, 3.7]",29.12044,
Pass,RB Leipzig,Nicolas Seiwald,Right Defensive Midfield,39460.0,Xavi Simons,654fdd3d-98b4-4fdc-a11d-9ab488a98057,00:01:32.951,"[25.1, 64.4]","[28.9, 72.4]",8.856636,
Pass,RB Leipzig,Xavi Simons,Right Midfield,39167.0,Benjamin Henrichs,bab0f6be-71b1-437f-9d59-bb78bb4d0308,00:01:34.354,"[28.9, 72.4]","[20.9, 67.6]",9.329523,
Pass,RB Leipzig,Edmond Fayçal Tapsoba,Left Center Back,30606.0,Granit Xhaka,e12336e3-2b5c-42b9-a275-f094d2cc1363,00:01:37.238,"[68.7, 9.3]","[81.3, 11.9]",12.865458,Incomplete
Pass,RB Leipzig,Benjamin Henrichs,Right Back,8211.0,Nicolas Seiwald,0cedaec9-2e64-4702-818e-ba18858a1750,00:01:48.066,"[34.1, 80.0]","[43.6, 70.8]",13.224598,
Pass,RB Leipzig,Nicolas Seiwald,Right Defensive Midfield,39460.0,Timo Werner,e57b5992-f937-4992-a546-b827d9c05844,00:01:51.261,"[46.6, 68.2]","[109.7, 19.8]",79.52465,
Pass,RB Leipzig,David Raum,Left Back,12034.0,Daniel Olmo Carvajal,3fefde05-f7d1-4607-b498-221d88e39351,00:03:34.083,"[7.2, 0.1]","[32.9, 5.5]",26.261189,
Pass,RB Leipzig,Daniel Olmo Carvajal,Left Center Forward,16532.0,Ikoma Loïs Openda,94974f38-bf23-4503-96c3-cac1282e99fc,00:03:36.153,"[32.9, 7.3]","[42.4, 5.7]",9.633795,
Pass,RB Leipzig,Ikoma Loïs Openda,Right Center Forward,16275.0,Xavi Simons,3ee48de1-e7fd-4b1a-87a1-29e3bf4f0751,00:03:39.283,"[52.6, 5.7]","[52.2, 15.4]",9.708244,
Pass,RB Leipzig,Xavi Simons,Right Midfield,39167.0,Ikoma Loïs Openda,9cb5d7f1-e363-4140-93c8-2063c6713f62,00:03:41.817,"[55.2, 25.2]","[83.5, 8.8]",32.70856,
Pass,RB Leipzig,Alejandro Grimaldo García,Left Wing Back,10336.0,Lukáš Hrádecký,6b39e383-75aa-489c-9260-64be41389d67,00:03:46.367,"[27.1, 44.0]","[2.6, 44.2]",24.500816,
Pass,RB Leipzig,Lukáš Hrádecký,Goalkeeper,8667.0,Victor Okoh Boniface,00c09fe0-5d83-4027-accf-a6bb8371de90,00:03:48.737,"[4.2, 44.2]","[66.1, 16.1]",67.97955,Incomplete
Pass,RB Leipzig,Mohamed Simakan,Right Center Back,30360.0,Benjamin Henrichs,347eb6fd-d9e8-4809-a822-1cab60aa16d7,00:03:52.107,"[54.0, 64.0]","[78.3, 72.0]",25.583002,
Pass,RB Leipzig,Xavi Simons,Right Midfield,39167.0,Timo Werner,881b979d-402e-4271-8c36-a7aed610a904,00:05:35.262,"[71.3, 65.8]","[92.2, 9.4]",60.1479,
Pass,RB Leipzig,Timo Werner,Left Midfield,5557.0,Willi Orban,e86229fb-ab7f-4278-9fa8-cda0644fafe1,00:05:43.967,"[79.1, 8.2]","[60.2, 16.0]",20.446272,
Pass,RB Leipzig,Willi Orban,Left Center Back,8509.0,Xaver Schlager,eafa42a8-7732-4a51-936b-918d8ad2e6ed,00:05:46.378,"[58.4, 21.0]","[55.6, 37.5]",16.73589,
Pass,RB Leipzig,Xaver Schlager,Left Defensive Midfield,8769.0,Benjamin Henrichs,8502be88-8f30-4763-a5a4-66c95950bcda,00:05:51.166,"[77.5, 48.1]","[76.5, 61.2]",13.138112,
Pass,RB Leipzig,Benjamin Henrichs,Right Back,8211.0,Xavi Simons,43a9c64c-082d-4c80-9f3e-54dd65a64126,00:05:52.320,"[79.1, 62.0]","[88.0, 50.1]",14.860013,
Pass,RB Leipzig,Xavi Simons,Right Midfield,39167.0,Ikoma Loïs Openda,96ae5dba-7350-4010-9908-8005424e241b,00:05:52.724,"[88.0, 50.1]","[92.8, 44.5]",7.3756356,
Pass,RB Leipzig,Janis Blaswich,Goalkeeper,15155.0,Willi Orban,dc90ec33-41c5-4919-9b5b-423579f9e817,00:06:55.948,"[4.8, 47.9]","[11.8, 19.0]",29.735668,
Pass,RB Leipzig,Willi Orban,Left Center Back,8509.0,Janis Blaswich,577ac631-8a7e-4859-a08c-589c65e4b2ea,00:06:59.308,"[10.2, 19.8]","[3.2, 38.1]",19.593111,
Pass,RB Leipzig,Janis Blaswich,Goalkeeper,15155.0,Timo Werner,b709afeb-e4e3-4f8b-95f3-28c1f42b11ec,00:07:07.958,"[12.8, 45.3]","[74.7, 7.8]",72.37306,Incomplete
Pass,RB Leipzig,Janis Blaswich,Goalkeeper,15155.0,David Raum,53a73948-4c3a-4f2e-83d6-d3ef681612a5,00:08:20.065,"[8.8, 45.1]","[22.9, 20.0]",28.789234,
Pass,RB Leipzig,David Raum,Left Back,12034.0,Willi Orban,530a9d66-da36-4f05-aa89-bfa1be7edbc0,00:08:26.834,"[37.5, 4.9]","[25.9, 15.2]",15.5128975,
Pass,RB Leipzig,Willi Orban,Left Center Back,8509.0,Mohamed Simakan,60aa0f6a-57fe-423f-9f90-09e6ae782456,00:08:29.548,"[28.7, 17.2]","[28.1, 49.1]",31.905642,
Pass,RB Leipzig,Mohamed Simakan,Right Center Back,30360.0,Benjamin Henrichs,f87c756e-04c0-40a5-b7d0-cb4ef1679795,00:08:32.763,"[31.5, 57.4]","[47.6, 68.0]",19.276152,
Pass,RB Leipzig,Benjamin Henrichs,Right Back,8211.0,Mohamed Simakan,8bb70a77-d94a-4854-8204-1455b8687dd1,00:08:37.036,"[57.0, 70.0]","[49.2, 62.8]",10.615084,
Pass,RB Leipzig,Mohamed Simakan,Right Center Back,30360.0,Nicolas Seiwald,7321eed7-72f2-4907-aa7a-2dd1454db941,00:08:39.025,"[50.2, 64.4]","[58.2, 51.1]",15.520632,
Pass,RB Leipzig,Nicolas Seiwald,Right Defensive Midfield,39460.0,Mohamed Simakan,52126277-27b2-49e4-9e60-cde11518c55a,00:08:39.963,"[58.6, 51.7]","[52.2, 62.4]",12.467959,
Pass,RB Leipzig,Mohamed Simakan,Right Center Back,30360.0,Xaver Schlager,a688540f-1bcb-4385-ba0f-0b39cdc134d6,00:08:41.832,"[50.0, 60.6]","[47.2, 37.5]",23.269077,
Pass,RB Leipzig,Xaver Schlager,Left Defensive Midfield,8769.0,Willi Orban,ff58edaa-0659-40ca-a6eb-8a25889f7caf,00:08:44.100,"[50.6, 33.9]","[52.8, 8.0]",25.993269,
Pass,RB Leipzig,Willi Orban,Left Center Back,8509.0,Xaver Schlager,5a483b17-bf47-4737-9b5f-06dea098b5fe,00:08:48.774,"[55.2, 5.1]","[42.6, 17.8]",17.889942,
Pass,RB Leipzig,Xaver Schlager,Left Defensive Midfield,8769.0,Mohamed Simakan,81a49ae2-d0b2-44ae-89b8-1461e3e23fb9,00:08:51.759,"[42.4, 24.0]","[44.4, 57.0]",33.06055,
Pass,RB Leipzig,Mohamed Simakan,Right Center Back,30360.0,Benjamin Henrichs,c3ea62b8-a152-4203-bf17-4f08ca048012,00:08:55.639,"[56.2, 58.8]","[63.3, 72.6]",15.519342,
Pass,RB Leipzig,Benjamin Henrichs,Right Back,8211.0,Mohamed Simakan,1530297a-e915-409c-8800-4d70be50b741,00:08:59.204,"[62.5, 72.8]","[47.2, 64.2]",17.551353,
Pass,RB Leipzig,Mohamed Simakan,Right Center Back,30360.0,Nicolas Seiwald,d4803095-396d-424b-a4f6-2a23c5d795e5,00:09:01.195,"[46.2, 62.4]","[57.4, 53.5]",14.3055935,
Pass,RB Leipzig,Nicolas Seiwald,Right Defensive Midfield,39460.0,Xaver Schlager,b615258a-7256-4dfe-a7ba-1e7935fb9955,00:09:03.489,"[52.2, 49.9]","[41.2, 44.1]",12.435433,
Pass,RB Leipzig,Xaver Schlager,Left Defensive Midfield,8769.0,Mohamed Simakan,8675bfd7-b96d-4a21-8d12-adb9f8ad4c4b,00:09:04.495,"[40.2, 45.5]","[41.8, 63.8]",18.369812,
Pass,RB Leipzig,Mohamed Simakan,Right Center Back,30360.0,Timo Werner,6381bdca-2e3f-48d8-8a13-7a774584bdfc,00:09:09.302,"[63.1, 68.8]","[68.3, 74.0]",7.3539104,
Pass,RB Leipzig,Timo Werner,Left Midfield,5557.0,Xaver Schlager,32d19ad9-a400-4a27-9b11-7b20e2b5ca38,00:09:12.607,"[64.1, 75.8]","[61.2, 75.0]",3.0083218,Incomplete
Pass,RB Leipzig,Janis Blaswich,Goalkeeper,15155.0,Mohamed Simakan,ea8e2e19-d5e8-45ac-9d4a-668c6c722ccd,00:10:31.049,"[6.0, 36.0]","[7.2, 53.3]",17.341568,
Pass,RB Leipzig,Mohamed Simakan,Right Center Back,30360.0,Benjamin Henrichs,30c0f410-c9d9-4247-bca1-b62980c0ffc4,00:10:33.230,"[9.4, 52.9]","[16.1, 70.0]",18.365728,
Pass,RB Leipzig,Benjamin Henrichs,Right Back,8211.0,Mohamed Simakan,f6a6e892-94cd-4522-848d-ed987d259a00,00:10:35.688,"[15.0, 71.6]","[8.2, 51.9]",20.840586,
Pass,RB Leipzig,Mohamed Simakan,Right Center Back,30360.0,Janis Blaswich,ce832e15-ff20-4458-8629-ac6372baefd3,00:10:37.898,"[10.8, 54.2]","[10.0, 40.5]",13.723338,
Pass,RB Leipzig,Janis Blaswich,Goalkeeper,15155.0,Willi Orban,666b516a-3c20-4340-89a3-5f50bb32953d,00:10:40.188,"[8.4, 36.7]","[12.4, 27.4]",10.123734,
Pass,RB Leipzig,Willi Orban,Left Center Back,8509.0,Mohamed Simakan,601b6003-6bee-4f34-b128-89f4ef168184,00:10:47.607,"[30.9, 35.9]","[20.3, 48.7]",16.619267,
Pass,RB Leipzig,Mohamed Simakan,Right Center Back,30360.0,Willi Orban,493d5e58-954e-4421-8a89-6f95d3760272,00:10:49.629,"[21.7, 50.9]","[28.3, 40.7]",12.149074,
Pass,RB Leipzig,Willi Orban,Left Center Back,8509.0,Xaver Schlager,6c8c4fd9-e117-4053-9048-9f2a8d0c5b73,00:10:51.914,"[28.3, 35.1]","[40.4, 10.8]",27.145903,
Pass,RB Leipzig,Xaver Schlager,Left Defensive Midfield,8769.0,Willi Orban,92e3e6c3-fecd-41f3-9afb-82ec4389d4aa,00:10:57.031,"[51.2, 3.9]","[41.2, 16.4]",16.00781,
Pass,RB Leipzig,Willi Orban,Left Center Back,8509.0,Xavi Simons,ae453cbc-92ac-4ddd-b6e2-0f913e7416ab,00:11:00.172,"[53.4, 22.8]","[70.9, 24.2]",17.55591,
Pass,RB Leipzig,Willi Orban,Left Center Back,8509.0,Daniel Olmo Carvajal,e4a8f05b-23c5-4e19-bc85-e7105fa58c0a,00:11:13.884,"[66.5, 19.4]","[84.1, 4.9]",22.803728,
Pass,RB Leipzig,Daniel Olmo Carvajal,Left Center Forward,16532.0,Xavi Simons,afe3aa3d-fe36-45c3-ab72-815781ed1414,00:11:19.151,"[75.9, 7.1]","[79.3, 9.4]",4.104875,Incomplete
Pass,RB Leipzig,Daniel Olmo Carvajal,Left Center Forward,16532.0,Xaver Schlager,cd74c5af-7e04-4586-92d1-d1876a40519e,00:11:20.646,"[76.7, 10.8]","[67.3, 7.4]",9.995999,
Pass,RB Leipzig,Xaver Schlager,Left Defensive Midfield,8769.0,Willi Orban,ac8c51dc-be04-4050-9a28-e8811ca34c0d,00:11:21.833,"[67.7, 6.5]","[57.8, 13.6]",12.182775,
Pass,RB Leipzig,Willi Orban,Left Center Back,8509.0,Nicolas Seiwald,8551b25e-36d5-45e1-9f29-06e2682a5101,00:11:22.943,"[54.4, 16.2]","[64.3, 17.6]",9.9985,
Pass,RB Leipzig,Nicolas Seiwald,Right Defensive Midfield,39460.0,Xaver Schlager,7cb137dd-df47-4506-91a1-c2e1fe4dcb91,00:11:23.781,"[64.3, 19.0]","[63.1, 6.9]",12.159359,
Pass,RB Leipzig,Xaver Schlager,Left Defensive Midfield,8769.0,Nicolas Seiwald,6d739346-28d3-47c1-b8ff-0c5054be487d,00:11:25.508,"[55.6, 4.9]","[67.1, 13.0]",14.066272,
Pass,RB Leipzig,Janis Blaswich,Goalkeeper,15155.0,Willi Orban,54b2f9ff-408a-402b-a9c9-f69043c577be,00:11:47.619,"[6.0, 36.0]","[19.9, 25.0]",17.72597,
Pass,RB Leipzig,Willi Orban,Left Center Back,8509.0,Nicolas Seiwald,8fd8be24-1a24-4596-8b76-42714adc2048,00:11:54.683,"[20.7, 24.8]","[30.3, 31.9]",11.940268,
Pass,RB Leipzig,Nicolas Seiwald,Right Defensive Midfield,39460.0,Mohamed Simakan,f3d0b02c-0347-43ae-af67-e1488f79971d,00:11:56.412,"[31.1, 35.9]","[22.7, 51.3]",17.54195,
Pass,RB Leipzig,Mohamed Simakan,Right Center Back,30360.0,Benjamin Henrichs,ba82725e-d0d8-4fc7-897c-cb489a54b2a3,00:11:59.020,"[26.9, 54.0]","[36.1, 68.6]",17.256884,
Pass,RB Leipzig,Benjamin Henrichs,Right Back,8211.0,Mohamed Simakan,ad7ae8a2-caad-4363-a037-6986b7897698,00:12:02.133,"[41.8, 69.8]","[37.9, 61.4]",9.2612095,
Pass,RB Leipzig,Mohamed Simakan,Right Center Back,30360.0,Nicolas Seiwald,a982f4fb-24a6-45c1-a1cf-06f269e6fc7e,00:12:04.411,"[38.3, 59.8]","[49.4, 47.1]",16.867128,
Pass,RB Leipzig,Nicolas Seiwald,Right Defensive Midfield,39460.0,Willi Orban,9b6b9df4-0613-41c2-afb9-89b8fa2f9641,00:12:06.804,"[49.4, 46.1]","[41.8, 26.4]",21.11516,
Pass,RB Leipzig,Willi Orban,Left Center Back,8509.0,Xaver Schlager,04eb7db7-b0d4-4d9b-8735-1b154b3c9a4a,00:12:11.875,"[55.8, 28.0]","[63.5, 3.1]",26.063385,
Pass,RB Leipzig,Xaver Schlager,Left Defensive Midfield,8769.0,David Raum,f39b535e-0c01-4954-a703-a5ba3f220aa4,00:12:14.449,"[64.3, 4.3]","[75.1, 2.7]",10.917875,
Pass,RB Leipzig,David Raum,Left Back,12034.0,Xaver Schlager,4477b9b4-ec63-411d-8441-2ba4abbdc006,00:12:15.879,"[73.3, 3.3]","[58.0, 3.5]",15.301307,
Pass,RB Leipzig,Xaver Schlager,Left Defensive Midfield,8769.0,Willi Orban,2f4da38a-8209-437c-bd07-179b46a1ed1f,00:12:17.745,"[55.2, 4.9]","[47.0, 15.2]",13.165485,
Pass,RB Leipzig,Willi Orban,Left Center Back,8509.0,Mohamed Simakan,e6f312cb-17ec-454a-8abf-114e4457c8ff,00:12:19.930,"[44.0, 17.0]","[43.2, 53.1]",36.108864,
Pass,RB Leipzig,Mohamed Simakan,Right Center Back,30360.0,Timo Werner,0460458d-e906-48f6-bb96-184d3bcc2d1f,00:12:23.711,"[47.8, 57.2]","[69.1, 59.4]",21.413313,
Pass,RB Leipzig,Daniel Olmo Carvajal,Left Center Forward,16532.0,Ikoma Loïs Openda,85299ce9-4b9f-4bbd-a9f2-4ec8aed05af0,00:12:42.208,"[37.3, 21.6]","[70.5, 8.8]",35.58202,
Pass,RB Leipzig,Ikoma Loïs Openda,Right Center Forward,16275.0,Timo Werner,76584dfa-e8b2-41cc-8b8c-906abcfaa02f,00:12:48.768,"[96.8, 24.4]","[106.0, 47.9]",25.23668,
Pass,RB Leipzig,Mohamed Simakan,Right Center Back,30360.0,Timo Werner,773f1c7c-2024-4122-9aa9-51d5895e94b1,00:14:26.360,"[23.7, 37.7]","[33.9, 25.6]",15.825612,
Pass,RB Leipzig,Timo Werner,Left Midfield,5557.0,Daniel Olmo Carvajal,178d9971-38cf-496e-b2b1-9ee96b491ed2,00:14:27.311,"[35.7, 24.6]","[28.1, 25.8]",7.694154,
Pass,RB Leipzig,Daniel Olmo Carvajal,Left Center Forward,16532.0,Xaver Schlager,7a9025ab-d3dc-411f-8409-d090c7fd6636,00:14:31.023,"[43.6, 19.6]","[44.4, 28.2]",8.637129,
Pass,RB Leipzig,Xaver Schlager,Left Defensive Midfield,8769.0,Daniel Olmo Carvajal,b4a03200-6281-498c-877e-bf2609c519ba,00:14:32.375,"[46.2, 28.4]","[57.0, 30.0]",10.917875,
Pass,RB Leipzig,Willi Orban,Left Center Back,8509.0,Xaver Schlager,d40a5899-e8fd-48b8-9980-a716308eb652,00:15:08.768,"[65.5, 34.3]","[69.7, 22.6]",12.431009,
Pass,RB Leipzig,Xaver Schlager,Left Defensive Midfield,8769.0,Timo Werner,92ae3de9-aa33-4a63-b170-e8acdbffc5c0,00:15:10.824,"[69.9, 20.8]","[86.0, 6.5]",21.533695,
Pass,RB Leipzig,Nicolas Seiwald,Right Defensive Midfield,39460.0,Xavi Simons,014d17d6-2506-4a8c-b9ee-4cdf573ed740,00:15:45.430,"[76.9, 20.8]","[83.9, 39.5]",19.967222,
Pass,RB Leipzig,Xavi Simons,Right Midfield,39167.0,Daniel Olmo Carvajal,72fe5f1a-ffda-4af1-8f67-956d9c5bb3d7,00:15:48.737,"[91.0, 41.3]","[100.8, 35.9]",11.1892805,
Pass,RB Leipzig,Daniel Olmo Carvajal,Left Center Forward,16532.0,Benjamin Henrichs,48ce4ee5-c086-41b0-a3cc-e279961259e5,00:15:49.328,"[100.4, 36.9]","[102.6, 53.5]",16.745148,
Pass,RB Leipzig,Benjamin Henrichs,Right Back,8211.0,Ikoma Loïs Openda,9bf02076-09c0-485b-915d-e0a262a88fca,00:15:50.785,"[105.0, 54.2]","[110.1, 44.1]",11.314592,Incomplete
Pass,RB Leipzig,Ikoma Loïs Openda,Center Forward,16275.0,Kevin Kampl,63abf13a-2e43-49c7-a7c3-9e1f532391fc,00:19:47.056,"[60.0, 40.0]","[48.8, 32.1]",13.705838,
Pass,RB Leipzig,Kevin Kampl,Right Defensive Midfield,8222.0,Daniel Olmo Carvajal,c1bf8ba5-0314-40ba-bf30-e45f808f0b28,00:19:52.214,"[48.8, 32.1]","[55.4, 10.2]",22.87291,
Pass,RB Leipzig,Daniel Olmo Carvajal,Left Attacking Midfield,16532.0,Mohamed Simakan,c4b8add1-72d1-4457-8f9d-923ebc638ab5,00:19:56.818,"[56.4, 6.3]","[47.8, 39.1]",33.908703,
Pass,RB Leipzig,Mohamed Simakan,Center Back,30360.0,Willi Orban,08bace5e-58ab-4ba4-ae58-8613f2c46551,00:19:59.645,"[51.0, 40.7]","[55.2, 64.8]",24.463238,
Pass,RB Leipzig,Willi Orban,Right Center Back,8509.0,Mohamed Simakan,09d101aa-b30f-4dc7-ab46-052f947479b7,00:20:01.058,"[55.8, 66.0]","[51.2, 52.3]",14.451644,
Pass,RB Leipzig,Mohamed Simakan,Center Back,30360.0,Junior Castello Lukeba,f021083a-0364-4516-bccb-c1b444e2f9dd,00:20:05.105,"[56.2, 38.3]","[49.6, 11.6]",27.503635,
Pass,RB Leipzig,Junior Castello Lukeba,Left Center Back,40185.0,Xaver Schlager,56cf11fa-5cd8-483b-8c0e-162c5a07cbdd,00:20:09.056,"[62.5, 11.4]","[71.1, 26.0]",16.944616,
Pass,RB Leipzig,Xaver Schlager,Left Defensive Midfield,8769.0,Junior Castello Lukeba,01419ef0-178d-485e-a98c-d6d8b7598e95,00:20:10.883,"[66.1, 24.4]","[55.8, 10.6]",17.220047,
Pass,RB Leipzig,Junior Castello Lukeba,Left Center Back,40185.0,Mohamed Simakan,16c315f6-aa6a-46d3-b007-ca4fbd4ca6b6,00:20:12.949,"[56.6, 10.8]","[47.4, 26.8]",18.456434,
Pass,RB Leipzig,Mohamed Simakan,Center Back,30360.0,Willi Orban,fbb7a6a3-3b67-4237-992d-2fdcd042d106,00:20:15.225,"[49.2, 31.5]","[64.3, 67.6]",39.130806,
Pass,RB Leipzig,Willi Orban,Right Center Back,8509.0,Yussuf Yurary Poulsen,54657f56-1381-4787-85f1-fb2a9ed9a36a,00:20:18.216,"[64.5, 69.2]","[84.7, 65.4]",20.554317,
Pass,RB Leipzig,David Raum,Left Wing Back,12034.0,Mohamed Simakan,357ce867-9473-42b2-a7df-ee0f1d768caa,00:20:52.658,"[82.7, 66.0]","[111.1, 30.7]",45.30618,Incomplete
Pass,RB Leipzig,Janis Blaswich,Goalkeeper,15155.0,Junior Castello Lukeba,58cb10fc-5bbb-4c38-a733-9abf45a6ad06,00:21:02.624,"[40.6, 13.8]","[53.8, 11.4]",13.416408,
Pass,RB Leipzig,Junior Castello Lukeba,Left Center Back,40185.0,Xaver Schlager,c374afa8-def8-4d91-99c2-3bc2894f8745,00:21:05.487,"[56.2, 12.2]","[50.2, 34.3]",22.9,
Pass,RB Leipzig,Xaver Schlager,Left Defensive Midfield,8769.0,Kevin Kampl,b7d42ea5-0c5c-4c98-a90f-19f354cf44d6,00:21:07.805,"[53.2, 37.3]","[56.0, 65.6]",28.438179,
Pass,RB Leipzig,Kevin Kampl,Right Defensive Midfield,8222.0,Daniel Olmo Carvajal,1ec5c1c6-b3f1-4ea7-bbcf-132acc24e90e,00:21:12.894,"[62.7, 58.2]","[68.3, 71.2]",14.154858,
Pass,RB Leipzig,Daniel Olmo Carvajal,Left Attacking Midfield,16532.0,Xaver Schlager,9ddc935b-0f37-451a-a5ac-faf85aec97c3,00:21:15.811,"[63.5, 70.0]","[67.5, 55.2]",15.331015,
Pass,RB Leipzig,Xaver Schlager,Left Defensive Midfield,8769.0,Junior Castello Lukeba,c4bbd15c-456a-4749-ba68-1c4739764e9d,00:21:19.951,"[72.5, 39.5]","[63.3, 25.4]",16.835974,
Pass,RB Leipzig,Junior Castello Lukeba,Left Center Back,40185.0,Willi Orban,dcebaaac-b3f4-47ca-989d-901956484f1a,00:21:22.985,"[63.1, 23.0]","[56.0, 34.7]",13.685759,
Pass,RB Leipzig,Willi Orban,Right Center Back,8509.0,Mohamed Simakan,ff564317-4b80-4163-af0b-f3db3d183b8c,00:21:25.131,"[58.2, 36.3]","[58.8, 55.4]",19.109423,
Pass,RB Leipzig,Mohamed Simakan,Center Back,30360.0,Yussuf Yurary Poulsen,7b13e88a-aaa7-4ef2-8c92-e9ee16bdd737,00:21:27.996,"[67.9, 55.6]","[86.8, 53.1]",19.064627,
Pass,RB Leipzig,Yussuf Yurary Poulsen,Right Attacking Midfield,5536.0,Kevin Kampl,17888a03-3f08-4a6f-a975-0f145e0db3c2,00:21:29.060,"[86.4, 53.5]","[77.1, 70.0]",18.940434,
Pass,RB Leipzig,Kevin Kampl,Right Defensive Midfield,8222.0,Benjamin Henrichs,1d119824-88c5-441c-98e6-5a690963dc10,00:21:33.736,"[98.4, 65.2]","[105.6, 72.6]",10.324728,
Pass,RB Leipzig,Junior Castello Lukeba,Left Center Back,40185.0,Ikoma Loïs Openda,540eac05-afa0-4ce8-86ab-a1985dd4ce70,00:23:19.206,"[63.9, 15.8]","[79.9, 24.0]",17.978876,
Pass,RB Leipzig,Ikoma Loïs Openda,Center Forward,16275.0,Daniel Olmo Carvajal,039c0b9f-e1f4-4282-b88b-5e84c34b4cb7,00:23:21.032,"[79.9, 24.6]","[76.1, 20.6]",5.517246,
Pass,RB Leipzig,Exequiel Alejandro Palacios,Right Defensive Midfield,28268.0,Jonas Hofmann,038940f8-5f0a-43b7-babc-5821a9c031be,00:23:23.066,"[35.6, 62.3]","[42.6, 59.1]",7.6967525,
Pass,RB Leipzig,Jonas Hofmann,Right Wing,8804.0,Victor Okoh Boniface,46574a8e-531d-4482-9bef-ffcd4cb2ca43,00:23:24.478,"[42.0, 59.1]","[55.8, 41.0]",22.760712,Pass Offside
Pass,RB Leipzig,Mohamed Simakan,Center Back,30360.0,Willi Orban,e7e43340-aeaa-46d4-b360-d186d091ce74,00:24:11.230,"[56.4, 40.3]","[47.2, 60.0]",21.742355,
Pass,RB Leipzig,Willi Orban,Right Center Back,8509.0,Xaver Schlager,9d5098eb-a1e2-4250-be51-d9066c48aefd,00:24:14.458,"[51.2, 52.3]","[59.8, 41.7]",13.649908,
Pass,RB Leipzig,Xaver Schlager,Left Defensive Midfield,8769.0,Daniel Olmo Carvajal,e912def2-c6c4-4f85-8e21-961cf4d3158c,00:24:17.185,"[64.5, 36.9]","[77.1, 18.0]",22.714973,
Pass,RB Leipzig,Daniel Olmo Carvajal,Left Attacking Midfield,16532.0,David Raum,0b256963-2c0e-4e33-a61a-b1d8df9c76b2,00:24:20.123,"[84.7, 14.4]","[99.8, 5.5]",17.527693,
Pass,RB Leipzig,Mohamed Simakan,Center Back,30360.0,Yussuf Yurary Poulsen,e5a45945-93a9-49e7-9d9d-022518bdffbc,00:24:32.491,"[71.5, 41.1]","[80.9, 42.5]",9.503683,
Pass,RB Leipzig,David Raum,Left Wing Back,12034.0,Mohamed Simakan,acf57d6d-52c7-4586-98fd-1ea0d5d92e97,00:25:17.435,"[80.3, 46.3]","[109.7, 26.0]",35.72744,
Pass,RB Leipzig,Mohamed Simakan,Center Back,30360.0,Ikoma Loïs Openda,addcc556-d4e7-4dd8-8903-5cfce34d235f,00:25:19.515,"[110.3, 26.6]","[115.3, 38.9]",13.277425,
Pass,RB Leipzig,Kevin Kampl,Right Defensive Midfield,8222.0,Yussuf Yurary Poulsen,0972b4e2-2c89-4cb0-817f-a9e73c25676f,00:28:14.642,"[63.2, 75.7]","[70.6, 63.2]",14.526183,
Pass,RB Leipzig,Yussuf Yurary Poulsen,Right Attacking Midfield,5536.0,Daniel Olmo Carvajal,fed99a0d-fff5-45b9-9031-f9b754183783,00:28:18.790,"[79.4, 45.3]","[77.7, 49.3]",4.346263,
Pass,RB Leipzig,Daniel Olmo Carvajal,Left Attacking Midfield,16532.0,Yussuf Yurary Poulsen,5ec0669f-0d6f-4be5-bc4b-c6caf7c9c694,00:28:21.221,"[90.3, 54.9]","[107.4, 34.8]",26.38977,Incomplete
Pass,RB Leipzig,Edmond Fayçal Tapsoba,Left Center Back,30606.0,Exequiel Alejandro Palacios,b2aed59a-70ea-4e24-a659-782eb7458254,00:28:26.723,"[13.1, 30.3]","[35.5, 29.7]",22.408033,Incomplete
Pass,RB Leipzig,Mohamed Simakan,Center Back,30360.0,Junior Castello Lukeba,c113b997-ba7c-4d3c-89c0-d273045a144f,00:28:34.485,"[76.2, 47.4]","[76.2, 35.2]",12.2,
Pass,RB Leipzig,Junior Castello Lukeba,Left Center Back,40185.0,Willi Orban,4a1861e9-bc3f-4dcd-a82d-ae5825ed1827,00:28:36.415,"[73.9, 33.7]","[57.2, 47.4]",21.600464,
Pass,RB Leipzig,Willi Orban,Right Center Back,8509.0,Janis Blaswich,c0152148-7877-42e0-8969-a0e66e46ffb8,00:28:38.607,"[57.2, 47.4]","[27.9, 35.2]",31.738462,
Pass,RB Leipzig,Janis Blaswich,Goalkeeper,15155.0,Kevin Kampl,467de041-99c4-4a98-b753-74cc80901eea,00:30:22.337,"[25.9, 36.7]","[43.1, 70.9]",38.28159,
Pass,RB Leipzig,Kevin Kampl,Right Defensive Midfield,8222.0,Emil Peter Forsberg,3af70fd5-06c7-463e-ba75-275c38c56348,00:30:27.430,"[65.1, 69.5]","[67.7, 61.3]",8.602325,
Pass,RB Leipzig,Emil Peter Forsberg,Right Attacking Midfield,5625.0,Mohamed Simakan,d8eaab5f-3e7f-4cf8-9394-e92ca98aab39,00:30:29.577,"[64.9, 59.6]","[52.0, 39.5]",23.883467,
Pass,RB Leipzig,Mohamed Simakan,Center Back,30360.0,Junior Castello Lukeba,1c7be30d-c94a-4e76-b537-5867564629c2,00:30:31.938,"[55.7, 40.1]","[63.8, 8.5]",32.62162,
Pass,RB Leipzig,Junior Castello Lukeba,Left Center Back,40185.0,David Raum,72b40559-e8f8-4160-8ea2-56a2f8a8e8f8,00:30:34.689,"[67.9, 9.1]","[77.1, 2.3]",11.44028,
Pass,RB Leipzig,David Raum,Left Wing Back,12034.0,Junior Castello Lukeba,866022ba-e817-42c2-b819-9521cdde20ea,00:30:37.349,"[82.8, 3.1]","[68.7, 2.1]",14.135417,
Pass,RB Leipzig,Junior Castello Lukeba,Left Center Back,40185.0,Mohamed Simakan,35906535-1276-4c15-995e-9971ec3025fc,00:30:39.802,"[70.0, 5.5]","[62.9, 29.0]",24.549135,
Pass,RB Leipzig,Mohamed Simakan,Center Back,30360.0,Kevin Kampl,40a72e81-e768-442f-94ed-398f30c089f6,00:30:42.254,"[63.6, 32.7]","[81.8, 72.9]",44.127995,
Pass,RB Leipzig,Kevin Kampl,Right Defensive Midfield,8222.0,Xaver Schlager,decc82b8-d624-4418-980a-c44c2645774d,00:30:49.006,"[91.4, 57.7]","[83.9, 51.5]",9.730879,
Pass,RB Leipzig,Xaver Schlager,Left Defensive Midfield,8769.0,David Raum,eb42d904-17e3-4cb6-bb69-0ec2889c9b74,00:30:49.788,"[82.0, 51.1]","[100.2, 28.8]",28.784197,Incomplete
Pass,RB Leipzig,Janis Blaswich,Goalkeeper,15155.0,Mohamed Simakan,34c0bb6d-eb77-407f-a4a5-a103151776a7,00:31:27.954,"[13.1, 53.6]","[21.2, 48.3]",9.679876,
Pass,RB Leipzig,Mohamed Simakan,Center Back,30360.0,Benjamin Henrichs,af5597f7-dc3b-4194-b466-86870fc8f072,00:31:32.062,"[21.0, 49.1]","[47.3, 68.6]",32.740494,
Pass,RB Leipzig,Benjamin Henrichs,Right Wing Back,8211.0,Willi Orban,508bbcd0-4056-47e1-9dba-4eba5de8f80a,00:31:38.211,"[66.6, 69.7]","[55.5, 62.4]",13.28533,
Pass,RB Leipzig,Willi Orban,Right Center Back,8509.0,Mohamed Simakan,04411ab7-b90e-42e8-9ad3-86b1ad833e84,00:31:42.805,"[65.5, 60.0]","[64.2, 38.4]",21.639086,
Pass,RB Leipzig,Mohamed Simakan,Center Back,30360.0,David Raum,9fa91b18-3f9a-4bbb-b155-6a84727c1b1c,00:31:46.128,"[71.1, 30.7]","[80.5, 3.4]",28.872997,
Pass,RB Leipzig,David Raum,Left Wing Back,12034.0,Junior Castello Lukeba,33104a43-d875-4867-aa18-b51c6ad1e12a,00:31:49.383,"[82.2, 3.4]","[67.2, 7.0]",15.425952,
Pass,RB Leipzig,Junior Castello Lukeba,Left Center Back,40185.0,Mohamed Simakan,5ffbd2b6-f094-49ac-b53e-958afcecf5b4,00:31:51.398,"[68.3, 7.6]","[64.7, 32.2]",24.862019,
Pass,RB Leipzig,Mohamed Simakan,Center Back,30360.0,Willi Orban,61639ed5-0845-44cf-8d24-4cb4636bce3b,00:31:53.613,"[64.2, 33.7]","[70.9, 51.1]",18.645374,
Pass,RB Leipzig,Willi Orban,Right Center Back,8509.0,Benjamin Henrichs,ee9fcf3e-f73b-4035-ba0a-db311b0f75e8,00:31:55.608,"[70.4, 52.3]","[90.1, 73.5]",28.940111,
Pass,RB Leipzig,Benjamin Henrichs,Right Wing Back,8211.0,Willi Orban,da131a04-6fcf-40c8-85c3-47de865ca5a5,00:32:00.998,"[85.2, 62.8]","[70.4, 62.6]",14.801352,
Pass,RB Leipzig,Willi Orban,Right Center Back,8509.0,Kevin Kampl,75fd562d-b298-400b-8885-fa6103dd3dfc,00:32:01.979,"[69.6, 62.6]","[77.5, 70.7]",11.314592,
Pass,RB Leipzig,Kevin Kampl,Right Defensive Midfield,8222.0,Benjamin Henrichs,37c08f12-36fc-425e-8385-3b770e209d50,00:32:04.192,"[81.1, 71.2]","[108.7, 68.4]",27.741665,
Pass,RB Leipzig,Benjamin Henrichs,Right Wing Back,8211.0,Kevin Kampl,81a2c2e2-73e9-40ca-92e0-f79140a47028,00:32:07.677,"[109.4, 69.0]","[97.8, 63.5]",12.837834,
Pass,RB Leipzig,Kevin Kampl,Right Defensive Midfield,8222.0,Yussuf Yurary Poulsen,e97903dd-aa86-4c55-88a2-abc8ffb15284,00:32:09.198,"[98.7, 63.5]","[110.0, 42.0]",24.288681,
Pass,RB Leipzig,Benjamin Henrichs,Right Wing Back,8211.0,Yussuf Yurary Poulsen,3fa52559-f733-4e25-bde6-38228b329d47,00:32:36.941,"[76.6, 80.0]","[76.0, 70.9]",9.119759,
Pass,RB Leipzig,Mohamed Simakan,Center Back,30360.0,Benjamin Henrichs,58cc1b74-1c6c-4435-9c94-cc83c2552e2f,00:32:59.490,"[42.4, 41.2]","[39.6, 51.9]",11.060289,
Pass,RB Leipzig,Benjamin Henrichs,Right Wing Back,8211.0,Kevin Kampl,f4ffc7c3-d294-4904-b27a-4a7788f363e5,00:33:04.136,"[47.5, 58.8]","[42.2, 46.3]",13.577187,
Pass,RB Leipzig,Kevin Kampl,Right Defensive Midfield,8222.0,David Raum,9063ddff-b224-4c4e-9654-4a6bdff7710a,00:33:05.970,"[42.4, 48.1]","[48.4, 12.3]",36.299313,
Pass,RB Leipzig,David Raum,Left Wing Back,12034.0,Daniel Olmo Carvajal,55f2f894-a44f-4bea-b354-61b973a78982,00:33:09.445,"[55.2, 11.5]","[63.2, 2.9]",11.745638,
Pass,RB Leipzig,Daniel Olmo Carvajal,Left Attacking Midfield,16532.0,David Raum,0a2a403f-4376-41dc-8268-23e19266201c,00:33:11.223,"[63.2, 2.9]","[54.8, 11.5]",12.021647,
Pass,RB Leipzig,David Raum,Left Wing Back,12034.0,Willi Orban,e23efa31-2540-4094-b1a7-7d5aa4e0ebaf,00:33:13.118,"[55.2, 12.8]","[52.7, 42.7]",30.004333,
Pass,RB Leipzig,Willi Orban,Right Center Back,8509.0,Kevin Kampl,c6591be9-da14-4bda-ba03-11087b784c81,00:33:15.675,"[52.5, 41.4]","[65.1, 58.3]",21.080086,
Pass,RB Leipzig,Kevin Kampl,Right Defensive Midfield,8222.0,Benjamin Henrichs,3891f2e2-fbe6-4952-a777-36858603f8e4,00:33:19.859,"[69.2, 61.1]","[74.5, 73.7]",13.669309,
Pass,RB Leipzig,Benjamin Henrichs,Right Wing Back,8211.0,Mohamed Simakan,c7cd131b-c355-4d8a-96df-677be8457cfd,00:33:21.292,"[75.1, 74.2]","[57.0, 70.3]",18.5154,
Pass,RB Leipzig,Mohamed Simakan,Center Back,30360.0,Emil Peter Forsberg,258b9fc5-c34d-4943-beb0-970741a22dad,00:33:27.012,"[69.6, 68.6]","[83.5, 56.8]",18.233212,
Pass,RB Leipzig,Emil Peter Forsberg,Right Attacking Midfield,5625.0,Benjamin Henrichs,63210798-c5fd-4fe1-be08-a71fcdd5640f,00:33:29.459,"[84.6, 61.3]","[84.1, 74.8]",13.509256,
Pass,RB Leipzig,Benjamin Henrichs,Right Wing Back,8211.0,Kevin Kampl,ab2ebb82-5b19-4436-a165-db0ccf4b17c7,00:33:33.482,"[83.5, 66.5]","[91.0, 74.2]",10.748954,
Pass,RB Leipzig,Kevin Kampl,Right Defensive Midfield,8222.0,Mohamed Simakan,5ccf7db6-debe-490e-956a-a14204f98a32,00:33:36.868,"[84.3, 66.9]","[77.1, 73.5]",9.767292,
Pass,RB Leipzig,Mohamed Simakan,Center Back,30360.0,Benjamin Henrichs,0e0db373-61c6-4393-8a11-407b6e27d19e,00:33:38.696,"[77.7, 73.5]","[89.9, 68.0]",13.382451,
Pass,RB Leipzig,Benjamin Henrichs,Right Wing Back,8211.0,Kevin Kampl,0afe1044-e94d-4e19-95b5-ae234b788259,00:33:39.397,"[89.9, 68.0]","[120.0, 70.9]",30.239378,Out
Pass,RB Leipzig,Kevin Kampl,Right Defensive Midfield,8222.0,Benjamin Henrichs,3d3894ab-462b-4287-bd55-e576a5a01bf2,00:34:11.425,"[87.8, 73.9]","[94.2, 76.1]",6.7675695,
Pass,RB Leipzig,Benjamin Henrichs,Right Wing Back,8211.0,Kevin Kampl,a2e90de5-4663-4bbf-801f-4b00c1a5fe77,00:34:14.533,"[91.4, 76.9]","[83.5, 77.2]",7.905694,
Pass,RB Leipzig,Kevin Kampl,Right Defensive Midfield,8222.0,Willi Orban,d7f33026-3427-45b8-b838-3801ffb99a25,00:34:15.089,"[84.1, 77.2]","[99.1, 70.7]",16.347782,Incomplete
Pass,RB Leipzig,Xaver Schlager,Left Defensive Midfield,8769.0,Benjamin Henrichs,9bc36964-07bd-4657-8970-2ddd2ec27f8c,00:34:48.327,"[50.8, 56.6]","[45.4, 67.1]",11.807201,
Pass,RB Leipzig,Benjamin Henrichs,Right Wing Back,8211.0,Yussuf Yurary Poulsen,acf46fb3-e9a7-4cb1-bbc4-12082cc2e564,00:34:49.347,"[45.4, 67.1]","[85.4, 28.0]",55.93577,
Pass,RB Leipzig,Odilon Kossonou,Right Center Back,27133.0,Exequiel Alejandro Palacios,f531180a-8e89-4d42-8abb-ed4b434ee574,00:34:54.784,"[31.5, 53.2]","[38.3, 52.1]",6.8883963,Incomplete
Pass,RB Leipzig,Janis Blaswich,Goalkeeper,15155.0,Mohamed Simakan,4fad4844-acb5-4794-9920-1f78e26c8746,00:35:37.219,"[16.3, 53.2]","[31.9, 42.9]",18.693583,
Pass,RB Leipzig,Mohamed Simakan,Center Back,30360.0,Junior Castello Lukeba,2e38d558-5dc3-4d87-9461-2260f8aeb148,00:35:41.490,"[40.5, 37.4]","[44.6, 13.6]",24.15057,
Pass,RB Leipzig,Junior Castello Lukeba,Left Center Back,40185.0,Mohamed Simakan,5e7a7961-c450-44c3-82fe-97ec955ced10,00:35:46.284,"[57.2, 14.3]","[49.0, 29.5]",17.270784,
Pass,RB Leipzig,Mohamed Simakan,Center Back,30360.0,Willi Orban,a5bf330b-d3e3-401e-b7ea-187a57107c92,00:35:48.265,"[49.3, 29.9]","[55.0, 56.0]",26.715164,
Pass,RB Leipzig,Willi Orban,Right Center Back,8509.0,Benjamin Henrichs,84d2aa61-01a3-4933-a301-8a176403bd03,00:35:51.785,"[64.4, 62.6]","[70.4, 73.9]",12.794139,
Pass,RB Leipzig,Benjamin Henrichs,Right Wing Back,8211.0,Willi Orban,350f0a70-d4cd-4ba8-b4a0-6de8c3e1b89a,00:35:54.228,"[69.2, 72.7]","[51.4, 66.7]",18.784037,
Pass,RB Leipzig,Willi Orban,Right Center Back,8509.0,Mohamed Simakan,446eae5d-b2da-420e-a129-04982475d7ee,00:35:56.228,"[51.2, 65.8]","[49.7, 47.2]",18.660385,
Pass,RB Leipzig,Mohamed Simakan,Center Back,30360.0,Junior Castello Lukeba,3f8d044c-e7b1-4038-8a9e-a6c071861d7b,00:35:58.130,"[52.7, 41.6]","[56.3, 14.5]",27.338068,
Pass,RB Leipzig,Junior Castello Lukeba,Left Center Back,40185.0,David Raum,1475b25e-3446-45ef-98e1-2415d9ba9cce,00:36:00.694,"[61.7, 9.6]","[69.2, 1.6]",10.965857,
Pass,RB Leipzig,David Raum,Left Wing Back,12034.0,Daniel Olmo Carvajal,340628a3-bb01-451b-9509-b5bded2051c0,00:36:01.865,"[69.2, 1.6]","[89.9, 4.4]",20.888514,
Pass,RB Leipzig,Kevin Kampl,Right Defensive Midfield,8222.0,Janis Blaswich,90007059-09c6-4fca-9183-6d18a171bb53,00:36:28.786,"[55.7, 71.4]","[19.1, 47.4]",43.767113,
Pass,RB Leipzig,Janis Blaswich,Goalkeeper,15155.0,Junior Castello Lukeba,5b21636f-ac7c-4fb0-add9-a81bdadb2ee9,00:36:32.429,"[20.8, 45.9]","[29.2, 18.3]",28.849957,
Pass,RB Leipzig,Junior Castello Lukeba,Left Center Back,40185.0,Janis Blaswich,3b12e719-5708-47b1-bd76-c07f303cdce1,00:36:35.639,"[24.2, 22.2]","[9.9, 42.1]",24.505102,
Pass,RB Leipzig,Janis Blaswich,Goalkeeper,15155.0,Kevin Kampl,fe6b61a9-e284-4419-9000-4532459ab6ab,00:36:38.540,"[9.5, 44.6]","[28.5, 75.0]",35.84913,
Pass,RB Leipzig,Kevin Kampl,Right Defensive Midfield,8222.0,Janis Blaswich,318536a5-a1dc-48d6-9cc2-59f325d782cf,00:36:42.060,"[21.5, 72.7]","[4.3, 57.0]",23.28798,
Pass,RB Leipzig,Edmond Fayçal Tapsoba,Left Center Back,30606.0,Granit Xhaka,c63c9df0-7b33-4d09-9f08-17d838298ddc,00:36:47.747,"[55.7, 22.6]","[72.3, 20.9]",16.686821,Incomplete
Pass,RB Leipzig,Xaver Schlager,Left Defensive Midfield,8769.0,Kevin Kampl,5a0d1332-7d6a-4940-9bb2-2b1914999ef3,00:36:51.571,"[46.9, 65.6]","[46.7, 70.3]",4.704253,
Pass,RB Leipzig,Kevin Kampl,Right Defensive Midfield,8222.0,Junior Castello Lukeba,172529d4-41d4-4803-a39f-8af40014312d,00:36:53.387,"[43.9, 69.2]","[37.5, 23.9]",45.749863,
Pass,RB Leipzig,Junior Castello Lukeba,Left Center Back,40185.0,Daniel Olmo Carvajal,ba165d9e-3e48-4532-8fba-1629876ad220,00:36:56.041,"[41.3, 24.3]","[55.5, 31.8]",16.058954,
Pass,RB Leipzig,Daniel Olmo Carvajal,Left Attacking Midfield,16532.0,David Raum,2cb7ac76-bcf6-4465-9b69-70fc3d451d11,00:36:58.857,"[63.2, 29.7]","[65.1, 4.2]",25.570686,
Pass,RB Leipzig,David Raum,Left Wing Back,12034.0,Junior Castello Lukeba,4e7d816f-db6c-4bf2-a0fc-19271c0b4d73,00:37:02.346,"[67.4, 4.9]","[55.9, 19.0]",18.195055,
Pass,RB Leipzig,Junior Castello Lukeba,Left Center Back,40185.0,Daniel Olmo Carvajal,5b5ade08-2b0e-4466-b74a-2ca15a368c03,00:37:04.974,"[62.3, 20.0]","[75.8, 32.7]",18.534832,
Pass,RB Leipzig,Daniel Olmo Carvajal,Left Attacking Midfield,16532.0,Kevin Kampl,257f60de-68f7-4159-b1d9-e1e5b25ac80d,00:37:06.980,"[75.8, 39.5]","[77.9, 62.6]",23.195257,
Pass,RB Leipzig,Kevin Kampl,Right Defensive Midfield,8222.0,Daniel Olmo Carvajal,e2f8f07e-8ea6-49ad-879f-2ffc1eac7a9a,00:37:11.616,"[91.4, 54.1]","[98.5, 57.5]",7.8721027,
Pass,RB Leipzig,Daniel Olmo Carvajal,Left Attacking Midfield,16532.0,Kevin Kampl,f0d71f25-9ab0-4925-b385-16fc1c8a1ef7,00:37:13.108,"[98.7, 57.7]","[101.2, 56.2]",2.9154758,Incomplete
Pass,RB Leipzig,Daniel Olmo Carvajal,Left Attacking Midfield,16532.0,Benjamin Henrichs,2f7fb5d2-3d6a-4101-83d6-dd28939b4419,00:37:17.010,"[90.8, 60.3]","[98.7, 73.1]",15.041609,
Pass,RB Leipzig,Benjamin Henrichs,Right Wing Back,8211.0,Willi Orban,cea06c71-9f29-4390-8b3d-8f84531e0eb2,00:37:21.873,"[101.0, 64.1]","[108.7, 75.9]",14.090068,
Pass,RB Leipzig,Benjamin Henrichs,Right Wing Back,8211.0,Kevin Kampl,80d8a96d-e51d-4bc8-8a34-7353ba29dd26,00:38:09.041,"[91.8, 80.0]","[78.6, 73.7]",14.626346,
Pass,RB Leipzig,Kevin Kampl,Right Defensive Midfield,8222.0,Willi Orban,6aa72d2b-f1db-4adc-89fe-c7f28afbd90b,00:38:10.197,"[78.3, 73.3]","[66.6, 70.5]",12.030378,
Pass,RB Leipzig,Willi Orban,Right Center Back,8509.0,Junior Castello Lukeba,d713229b-3081-4475-8446-9862e4d244b0,00:38:13.833,"[63.8, 59.4]","[56.7, 32.9]",27.43465,
Pass,RB Leipzig,Junior Castello Lukeba,Left Center Back,40185.0,David Raum,852903ac-df56-4f93-98fd-855e2d6dae81,00:38:17.055,"[55.7, 26.5]","[62.9, 3.6]",24.005207,
Pass,RB Leipzig,David Raum,Left Wing Back,12034.0,Junior Castello Lukeba,a99e7adb-dadb-434b-92fc-70bc3647e5b2,00:38:19.673,"[63.6, 3.4]","[49.9, 14.7]",17.758942,
Pass,RB Leipzig,Junior Castello Lukeba,Left Center Back,40185.0,Mohamed Simakan,1dbe4064-dd67-4468-bd4f-6ee87f94f83a,00:38:22.269,"[48.8, 16.2]","[47.8, 33.3]",17.129215,
Pass,RB Leipzig,Mohamed Simakan,Center Back,30360.0,Kevin Kampl,14f85cc4-763a-4cef-8b30-726cb1802dbd,00:38:24.106,"[50.8, 37.2]","[63.8, 40.1]",13.319534,
Pass,RB Leipzig,Kevin Kampl,Right Defensive Midfield,8222.0,Willi Orban,af405813-8d71-4ef1-a9bc-a502d65b1faf,00:38:26.311,"[59.5, 41.6]","[58.0, 59.2]",17.663805,
Pass,RB Leipzig,Willi Orban,Right Center Back,8509.0,Daniel Olmo Carvajal,cf526767-07f9-4b40-b0df-562f4d6688d8,00:38:28.361,"[63.2, 59.8]","[76.6, 73.5]",19.163769,
Pass,RB Leipzig,Daniel Olmo Carvajal,Left Attacking Midfield,16532.0,Willi Orban,09ecc949-483c-4a48-a05d-3ec60e80862a,00:38:33.217,"[84.6, 73.9]","[70.4, 66.2]",16.153328,
Pass,RB Leipzig,Willi Orban,Right Center Back,8509.0,Mohamed Simakan,491d5983-e6a5-4565-99eb-bedf5a5aa770,00:38:36.377,"[70.0, 66.2]","[66.2, 49.1]",17.517134,
Pass,RB Leipzig,Mohamed Simakan,Center Back,30360.0,Junior Castello Lukeba,756288b7-df1e-424a-8d58-6e8e04fedb07,00:38:38.390,"[64.9, 47.0]","[77.1, 23.7]",26.30076,
Pass,RB Leipzig,Junior Castello Lukeba,Left Center Back,40185.0,Fabio Carvalho,ebb90542-0880-4787-b00c-e9d0444c306b,00:38:41.111,"[77.3, 21.5]","[87.3, 28.4]",12.149486,
Pass,RB Leipzig,Fabio Carvalho,Left Defensive Midfield,74659.0,Emil Peter Forsberg,3457b1b9-b0a1-4d78-aa6d-7c93ff78cc6e,00:38:42.564,"[86.3, 29.5]","[86.3, 19.4]",10.1,
Pass,RB Leipzig,Emil Peter Forsberg,Right Attacking Midfield,5625.0,David Raum,8e498808-2847-418d-9519-f9e14626b8c4,00:38:44.031,"[86.0, 17.9]","[99.1, 2.1]",20.524376,
Pass,RB Leipzig,Emil Peter Forsberg,Right Attacking Midfield,5625.0,Junior Castello Lukeba,003f8835-bb28-4fab-97c6-84a3a7f51735,00:38:50.380,"[77.1, 13.2]","[68.9, 17.7]",9.353609,
Pass,RB Leipzig,Junior Castello Lukeba,Left Center Back,40185.0,Mohamed Simakan,6adac988-a392-4fef-a8d3-5995ceb77bc1,00:38:53.449,"[66.4, 23.2]","[62.9, 32.4]",9.843272,
Pass,RB Leipzig,Mohamed Simakan,Center Back,30360.0,Kevin Kampl,19a845b1-00a6-4f82-998f-b5a99e0f2d3c,00:38:55.037,"[63.2, 33.7]","[72.4, 35.7]",9.414882,
Pass,RB Leipzig,Kevin Kampl,Right Defensive Midfield,8222.0,Mohamed Simakan,b5c213f4-f8fc-4547-b9ba-f7e0f772ff2c,00:38:56.249,"[71.7, 34.4]","[62.9, 42.7]",12.096694,
Pass,RB Leipzig,Mohamed Simakan,Center Back,30360.0,Willi Orban,a0b50f9e-99a4-4cad-8e58-4d12d2e2f39e,00:38:57.498,"[62.9, 42.7]","[68.7, 62.4]",20.536066,
Pass,RB Leipzig,Willi Orban,Right Center Back,8509.0,Yussuf Yurary Poulsen,de02ffc5-bed8-43e3-b3ce-a5b571904bf7,00:38:59.771,"[69.6, 64.1]","[91.2, 57.9]",22.472204,Incomplete
Pass,RB Leipzig,Fabio Carvalho,Left Defensive Midfield,74659.0,Willi Orban,30da9624-98ed-4bb1-844e-e452e2c2839d,00:39:34.763,"[43.3, 65.0]","[39.4, 58.5]",7.5802374,
Pass,RB Leipzig,Willi Orban,Right Center Back,8509.0,Fabio Carvalho,05ebb302-d55c-4b3f-b3d6-84a9caa6eeaa,00:39:36.942,"[42.0, 64.5]","[39.6, 71.6]",7.4946647,
Pass,RB Leipzig,David Raum,Left Wing Back,12034.0,Mohamed Simakan,2ddec1df-141e-4a69-a2c9-0f364cf4f63f,00:40:12.423,"[32.1, 19.4]","[39.2, 35.7]",17.779202,
Pass,RB Leipzig,Mohamed Simakan,Center Back,30360.0,Daniel Olmo Carvajal,6d9e90c0-597d-44da-b81c-10080bb9354b,00:40:15.340,"[39.8, 38.0]","[62.9, 60.7]",32.386726,
Pass,RB Leipzig,Daniel Olmo Carvajal,Left Attacking Midfield,16532.0,Willi Orban,49a8b6a4-1b39-4444-8c0c-2fc9b57f5002,00:40:21.424,"[67.0, 67.7]","[55.9, 63.9]",11.732433,
Pass,RB Leipzig,Willi Orban,Right Center Back,8509.0,Mohamed Simakan,950e64ed-9e83-4ce7-9de1-0a46674efb92,00:40:23.793,"[56.7, 62.4]","[52.0, 45.7]",17.348776,
Pass,RB Leipzig,Mohamed Simakan,Center Back,30360.0,Junior Castello Lukeba,aeed2fea-5716-4a95-bd41-b67ec35fb991,00:40:26.361,"[53.5, 40.4]","[65.1, 17.3]",25.848984,
Pass,RB Leipzig,Junior Castello Lukeba,Left Center Back,40185.0,Fabio Carvalho,2a678a25-709e-4312-8514-658810d6301a,00:40:30.207,"[76.9, 10.8]","[84.3, 18.8]",10.897706,
Pass,RB Leipzig,Fabio Carvalho,Left Defensive Midfield,74659.0,Junior Castello Lukeba,1fd384f3-8ee7-4c69-b50f-3deee78ac884,00:40:31.851,"[80.3, 16.8]","[60.8, 1.4]",24.847736,
Pass,RB Leipzig,Junior Castello Lukeba,Left Center Back,40185.0,Janis Blaswich,cecc20a7-c3e4-495d-bfe4-ecdf98e1195f,00:40:36.797,"[49.7, 2.9]","[34.3, 18.1]",21.63793,
Pass,RB Leipzig,Janis Blaswich,Goalkeeper,15155.0,Mohamed Simakan,f96cbf41-4c32-4dac-bf9d-dde303c25897,00:40:40.413,"[33.6, 23.2]","[39.4, 41.2]",18.911373,
Pass,RB Leipzig,Mohamed Simakan,Center Back,30360.0,Emil Peter Forsberg,55c637fe-fdbc-46f1-b637-1d2792ab4738,00:40:43.133,"[41.3, 42.1]","[62.1, 24.3]",27.376633,
Pass,RB Leipzig,Emil Peter Forsberg,Right Attacking Midfield,5625.0,David Raum,ed606f57-102e-4ae9-af22-6ab1fb9245b8,00:40:46.740,"[70.2, 16.4]","[95.5, 5.7]",27.46962,
Pass,RB Leipzig,David Raum,Left Wing Back,12034.0,Yussuf Yurary Poulsen,6b58fb46-d7d9-403f-9a8e-fa19e98c7669,00:40:50.393,"[108.3, 4.0]","[114.6, 35.6]",32.221886,
Pass,RB Leipzig,Janis Blaswich,Goalkeeper,15155.0,Willi Orban,a2ff721f-2149-478e-be18-2777d6434ef6,00:41:59.831,"[6.0, 44.0]","[24.2, 58.5]",23.269938,
Pass,RB Leipzig,Willi Orban,Right Center Back,8509.0,Kevin Kampl,1609d8eb-f142-4bab-8628-cb31bf1395e4,00:42:03.450,"[24.9, 60.0]","[29.6, 54.7]",7.083784,
Pass,RB Leipzig,Kevin Kampl,Right Defensive Midfield,8222.0,Junior Castello Lukeba,25836e65-15d7-497e-8c17-53a16c208ed5,00:42:06.666,"[22.5, 50.8]","[21.9, 21.1]",29.70606,
Pass,RB Leipzig,Junior Castello Lukeba,Left Center Back,40185.0,David Raum,c4b1e93a-da4e-4d3a-b8a1-393b2157962d,00:42:09.934,"[15.2, 17.5]","[27.9, 2.3]",19.807322,
Pass,RB Leipzig,David Raum,Left Wing Back,12034.0,Yussuf Yurary Poulsen,ca64b052-aabe-4851-8ddd-1bf98e1382d9,00:42:19.413,"[34.3, 0.1]","[57.2, 26.2]",34.72204,Incomplete
Pass,RB Leipzig,Mohamed Simakan,Center Back,30360.0,Janis Blaswich,3e9e2ec8-d2c5-43ad-b0fb-f8e1593a3d0a,00:42:42.151,"[22.5, 21.8]","[14.2, 35.2]",15.762297,
Pass,RB Leipzig,Janis Blaswich,Goalkeeper,15155.0,Willi Orban,aff0353b-2bd1-4ada-a0a2-a516683fb308,00:42:45.037,"[14.0, 37.2]","[34.5, 57.9]",29.133142,
Pass,RB Leipzig,Willi Orban,Right Center Back,8509.0,Emil Peter Forsberg,c1af28ff-5efa-47b2-9eb1-0789846570d8,00:42:51.845,"[53.3, 66.2]","[67.4, 69.9]",14.57738,
Pass,RB Leipzig,Willi Orban,Right Center Back,8509.0,Kevin Kampl,9c362aac-3c0e-435b-9f0b-faa8680167ea,00:43:37.886,"[64.7, 69.0]","[55.9, 64.1]",10.072239,
Pass,RB Leipzig,Kevin Kampl,Right Defensive Midfield,8222.0,Mohamed Simakan,eb6137ba-44af-4aac-8efa-43dc483ab8cb,00:43:41.165,"[56.1, 60.9]","[54.2, 41.2]",19.791412,
Pass,RB Leipzig,Mohamed Simakan,Center Back,30360.0,Janis Blaswich,b2c9128f-3439-4897-980e-cd1843e3b624,00:43:42.723,"[52.9, 41.2]","[38.8, 38.2]",14.415617,
Pass,RB Leipzig,Janis Blaswich,Goalkeeper,15155.0,Junior Castello Lukeba,e0b0c154-9d09-4a81-9e95-05510e3a4968,00:43:43.891,"[39.0, 36.7]","[51.4, 14.5]",25.428331,
Pass,RB Leipzig,Junior Castello Lukeba,Left Center Back,40185.0,Mohamed Simakan,0304451a-d7b2-4efb-90b4-a33c426bdb27,00:43:46.692,"[51.6, 12.8]","[47.8, 33.9]",21.43945,
Pass,RB Leipzig,Mohamed Simakan,Center Back,30360.0,Kevin Kampl,8890fb22-f87f-4a75-83d1-f298170859e6,00:43:49.545,"[50.1, 36.3]","[63.6, 70.5]",36.768055,
Pass,RB Leipzig,Kevin Kampl,Right Defensive Midfield,8222.0,Mohamed Simakan,2bb7c4aa-0919-4585-8213-6f7bfb934e7d,00:43:54.059,"[64.4, 70.5]","[54.4, 51.5]",21.470911,
Pass,RB Leipzig,Mohamed Simakan,Center Back,30360.0,Benjamin Henrichs,bf02d74d-ae1b-4070-8ae7-ac2920e58738,00:43:57.636,"[61.0, 52.8]","[78.6, 59.6]",18.867962,
Pass,RB Leipzig,Willi Orban,Right Center Back,8509.0,Kevin Kampl,9fd3e37d-7446-4b5f-a66e-eacacc351185,00:44:02.048,"[70.0, 58.8]","[72.4, 79.3]",20.640009,Out
Pass,RB Leipzig,Mohamed Simakan,Center Back,30360.0,Junior Castello Lukeba,9ff680fa-5677-4a82-bd70-4aab40632bc5,00:44:30.900,"[41.6, 68.2]","[39.8, 37.6]",30.652895,
Pass,RB Leipzig,Junior Castello Lukeba,Left Center Back,40185.0,David Raum,065aa05e-db83-415b-a5a7-fe85df7f605c,00:44:34.323,"[42.4, 29.0]","[51.0, 12.6]",18.518099,
Pass,RB Leipzig,David Raum,Left Wing Back,12034.0,Mohamed Simakan,c6e9cf37-d075-495f-9d9b-7ba0c4999028,00:44:40.398,"[64.7, 12.8]","[53.3, 41.2]",30.602613,
Pass,RB Leipzig,Mohamed Simakan,Center Back,30360.0,Willi Orban,7b11e433-cb85-48c7-afb2-7220d3894e28,00:44:43.481,"[54.4, 44.4]","[65.1, 63.7]",22.067623,
Pass,RB Leipzig,Willi Orban,Right Center Back,8509.0,Benjamin Henrichs,d5c38bd0-b5b9-43f2-a596-e27b33093011,00:44:46.423,"[68.9, 71.8]","[75.4, 74.8]",7.1589108,
Pass,RB Leipzig,Benjamin Henrichs,Right Wing Back,8211.0,Yussuf Yurary Poulsen,edb02222-7bc9-4ed2-b0ae-f3f017881c77,00:44:48.134,"[76.6, 73.7]","[106.4, 57.5]",33.918728,
Pass,RB Leipzig,Yussuf Yurary Poulsen,Center Forward,5536.0,Benjamin Henrichs,85e92e89-12d2-499b-a1d5-8a4649600fa1,00:44:54.302,"[112.6, 66.7]","[104.2, 72.2]",10.040419,
Pass,RB Leipzig,Benjamin Henrichs,Right Wing Back,8211.0,Kevin Kampl,b2e7356d-91ef-4bbf-9b69-cfd4f8477712,00:44:56.042,"[102.7, 73.1]","[104.0, 63.2]",9.984989,
Pass,RB Leipzig,Kevin Kampl,Right Defensive Midfield,8222.0,Benjamin Henrichs,11c2595e-2248-46e2-9697-ff6e38b0cffc,00:44:59.197,"[102.5, 66.2]","[95.5, 60.9]",8.780091,
Pass,RB Leipzig,Exequiel Alejandro Palacios,Right Center Midfield,28268.0,Adam Hložek,db7921f6-f063-4125-93af-d77dbc03b264,00:45:07.371,"[36.4, 24.6]","[48.2, 28.2]",12.336936,
Pass,RB Leipzig,Adam Hložek,Right Center Forward,28239.0,Nadiem Amiri,f8746309-1f2f-4a19-a90c-0f8f800ef2c5,00:45:10.925,"[56.3, 32.7]","[70.8, 24.1]",16.858528,Incomplete
Pass,RB Leipzig,Mohamed Simakan,Center Back,30360.0,Janis Blaswich,11314b5a-054d-4198-a246-e7e65bde456d,00:45:18.063,"[24.7, 67.3]","[14.8, 43.1]",26.146702,
Pass,RB Leipzig,Janis Blaswich,Goalkeeper,15155.0,David Raum,0b6f0b5b-cc15-4556-9d6d-d4167c17a186,00:45:21.823,"[21.5, 41.2]","[36.0, 12.6]",32.065712,
Pass,RB Leipzig,David Raum,Left Wing Back,12034.0,Daniel Olmo Carvajal,846e92fa-6d07-44ac-85d8-beb531f54d01,00:45:26.586,"[49.0, 10.8]","[55.9, 26.9]",17.516277,
Pass,RB Leipzig,Daniel Olmo Carvajal,Left Attacking Midfield,16532.0,Emil Peter Forsberg,5f3fe348-8585-43ac-a3da-3d4a7eb461e7,00:45:31.367,"[61.7, 34.6]","[76.9, 31.6]",15.493224,
Pass,RB Leipzig,Emil Peter Forsberg,Right Attacking Midfield,5625.0,Daniel Olmo Carvajal,7a154b42-ad82-45ab-b708-33826e49d406,00:45:33.215,"[72.8, 32.0]","[71.7, 23.9]",8.17435,
Pass,RB Leipzig,Daniel Olmo Carvajal,Left Attacking Midfield,16532.0,David Raum,6498ab86-da94-47d1-97d8-0697b4bb52ba,00:45:34.987,"[75.4, 22.8]","[108.9, 2.7]",39.06738,
Pass,RB Leipzig,David Raum,Left Wing Back,12034.0,Emil Peter Forsberg,9973cce0-1361-432e-9e52-45e1a1a6ad5b,00:45:50.094,"[92.3, 0.1]","[94.4, 19.0]",19.01631,Incomplete
Pass,RB Leipzig,Odilon Kossonou,Right Center Back,27133.0,Nadiem Amiri,f72e0d3f-3ac1-49fb-92fd-42533249f3d4,00:45:52.637,"[25.7, 61.1]","[35.5, 57.9]",10.309219,
Pass,RB Leipzig,Nadiem Amiri,Left Center Forward,8403.0,Adam Hložek,5d6a3010-54a8-459d-8fa3-04fe188bb017,00:45:53.338,"[35.5, 57.9]","[48.8, 80.0]",25.79341,Out
Pass,RB Leipzig,David Raum,Left Wing Back,12034.0,Junior Castello Lukeba,faf990fb-05d0-4f09-a6d3-e187b0ce8cf4,00:46:00.997,"[70.9, 0.1]","[59.5, 2.7]",11.692733,
Pass,RB Leipzig,Junior Castello Lukeba,Left Center Back,40185.0,Mohamed Simakan,e9b80ffe-c2b0-4780-b836-3ae674db4f7a,00:46:04.316,"[56.7, 9.3]","[49.5, 28.0]",20.038214,
Pass,RB Leipzig,Mohamed Simakan,Center Back,30360.0,Willi Orban,d26698ad-ac76-4517-b1cf-24ef55bb53b7,00:46:06.490,"[50.8, 28.8]","[63.6, 62.0]",35.58202,
Pass,RB Leipzig,Willi Orban,Right Center Back,8509.0,Kevin Kampl,c5558815-4538-4553-a939-f1070848e92e,00:46:09.246,"[63.6, 62.6]","[56.7, 53.4]",11.5,
Pass,RB Leipzig,Kevin Kampl,Right Defensive Midfield,8222.0,Junior Castello Lukeba,cb5a96f2-8a7f-4e3b-9517-498edb5260e4,00:46:12.450,"[61.9, 52.1]","[63.8, 42.3]",9.982485,Incomplete
Pass,RB Leipzig,Kevin Kampl,Right Defensive Midfield,8222.0,Mohamed Simakan,8b513f44-714d-48f1-9836-d5d3750d6c0b,00:46:14.241,"[67.4, 48.5]","[55.7, 39.1]",15.008331,
Pass,RB Leipzig,Mohamed Simakan,Center Back,30360.0,Junior Castello Lukeba,9cfab08f-7ac8-461d-a3db-c663ad1e1e54,00:46:15.659,"[55.7, 39.1]","[64.0, 25.4]",16.018114,
Pass,RB Leipzig,Junior Castello Lukeba,Left Center Back,40185.0,Daniel Olmo Carvajal,5e022030-7842-4a53-9cc5-887dd377963b,00:46:19.626,"[79.2, 19.2]","[81.3, 15.5]",4.2544093,
Pass,RB Leipzig,Daniel Olmo Carvajal,Left Attacking Midfield,16532.0,Emil Peter Forsberg,aea81929-e10b-45ce-9231-d5c802190e3a,00:46:23.153,"[80.5, 22.6]","[98.0, 37.4]",22.919207,
Pass,RB Leipzig,Emil Peter Forsberg,Right Attacking Midfield,5625.0,Fabio Carvalho,f050807a-613f-4b92-9d0b-8d69cb17b6be,00:46:24.991,"[100.4, 35.0]","[104.4, 33.1]",4.428318,Incomplete
Pass,RB Leipzig,Daniel Olmo Carvajal,Left Attacking Midfield,16532.0,Emil Peter Forsberg,8ad439b8-df48-469b-813e-216b8c1f3fca,00:46:30.469,"[89.3, 24.1]","[120.0, 27.1]",30.846231,Out
Pass,RB Leipzig,David Raum,Left Wing Back,12034.0,Fabio Carvalho,e5af0539-0aed-42c5-a3a9-27e598545696,00:48:09.065,"[21.9, 14.7]","[31.1, 21.3]",11.322544,
Pass,RB Leipzig,Fabio Carvalho,Left Defensive Midfield,74659.0,Yussuf Yurary Poulsen,a5d1d4ac-5d7e-49ac-ab4f-133a51e1e498,00:48:11.578,"[31.1, 26.0]","[37.7, 40.6]",16.022484,
Pass,RB Leipzig,Yussuf Yurary Poulsen,Center Forward,5536.0,Daniel Olmo Carvajal,9016cf09-e3db-40f4-bd01-52a0385e8ce8,00:48:12.811,"[37.7, 40.6]","[51.4, 26.5]",19.659603,
Pass,RB Leipzig,Daniel Olmo Carvajal,Left Attacking Midfield,16532.0,Fabio Carvalho,942a2801-a6fc-44fc-a152-51debefa4507,00:48:14.324,"[50.5, 27.1]","[48.4, 29.0]",2.8319604,
Pass,RB Leipzig,Fabio Carvalho,Left Defensive Midfield,74659.0,David Raum,a61d9d38-a175-45e2-b813-85587ecb4321,00:48:14.741,"[49.5, 28.0]","[72.6, 7.2]",31.084562,
Pass,RB Leipzig,David Raum,Left Wing Back,12034.0,Mohamed Simakan,e36cd86b-73eb-4729-94e4-5953a8b1d568,00:49:52.390,"[14.8, 0.1]","[8.4, 4.2]",7.600658,
Pass,RB Leipzig,Mohamed Simakan,Center Back,30360.0,Willi Orban,6bd595ad-766c-42cb-b0a0-d440f3f00f8f,00:49:54.100,"[9.0, 2.7]","[50.5, 25.4]",47.302643,
Pass,RB Leipzig,Willi Orban,Right Center Back,8509.0,Yussuf Yurary Poulsen,7a078064-7ed2-4bae-973a-aa20e7ebf350,00:49:56.615,"[50.5, 25.4]","[65.3, 34.8]",17.532825,Incomplete
Pass,RB Leipzig,Janis Blaswich,Goalkeeper,15155.0,Benjamin Henrichs,05d40999-431b-4c7d-8751-6777fba9ff60,00:50:02.947,"[21.7, 42.5]","[31.5, 60.0]",20.057169,
Pass,RB Leipzig,Benjamin Henrichs,Right Wing Back,8211.0,Kevin Kampl,6ccc004f-00c1-4fa3-9ded-32b816996f26,00:50:10.238,"[48.4, 62.8]","[48.4, 56.0]",6.8,
Pass,RB Leipzig,Kevin Kampl,Right Defensive Midfield,8222.0,Mohamed Simakan,a972b482-c9aa-4a9b-bb78-e1f678d629f5,00:50:11.752,"[48.8, 55.1]","[49.9, 28.6]",26.52282,
Pass,RB Leipzig,Janis Blaswich,Goalkeeper,15155.0,Benjamin Henrichs,c8be99c4-3434-40cf-b56b-c8e90a163127,00:50:41.710,"[35.4, 23.2]","[34.5, 64.3]",41.10985,
Pass,RB Leipzig,Benjamin Henrichs,Right Wing Back,8211.0,Fabio Carvalho,29d2f698-9c75-4303-aac1-88ccb38caac5,00:50:44.109,"[34.5, 66.2]","[57.0, 62.0]",22.888643,
Pass,RB Leipzig,Fabio Carvalho,Left Defensive Midfield,74659.0,Daniel Olmo Carvajal,73dc920c-b118-47ed-a8fb-c57f603ebf8c,00:50:46.510,"[56.1, 66.9]","[55.7, 76.1]",9.208692,
